asset_id,asset_name,category,image_url,predicted_type,is_fashion_asset,confidence,reason
mens_assets_skincare_facemask,Mens Facemask,grooming,https://pub-43484c7ec0d741cabcac4df01e98344b.r2.dev/mens-assets/skincare/facemask.jpg,beauty_grooming,no,high,category=grooming
mens_assets_skincare_facewash,Mens Facewash,grooming,https://pub-43484c7ec0d741cabcac4df01e98344b.r2.dev/mens-assets/skincare/facewash.jpg,beauty_grooming,no,high,non-fashion keyword (beauty_grooming)
mens_assets_skincare_grooming_kit,Mens Grooming Kit,grooming,https://pub-43484c7ec0d741cabcac4df01e98344b.r2.dev/mens-assets/skincare/grooming kit.jpg,beauty_grooming,no,high,category=grooming
mens_assets_skincare_lipbalm,Mens Lipbalm,grooming,https://pub-43484c7ec0d741cabcac4df01e98344b.r2.dev/mens-assets/skincare/lipbalm.jpg,beauty_grooming,no,high,non-fashion keyword (beauty_grooming)
mens_assets_skincare_perfume,Mens Perfume,grooming,https://pub-43484c7ec0d741cabcac4df01e98344b.r2.dev/mens-assets/skincare/perfume.jpg,beauty_grooming,no,high,non-fashion keyword (beauty_grooming)
mens_assets_skincare_retinol,Mens Retinol,grooming,https://pub-43484c7ec0d741cabcac4df01e98344b.r2.dev/mens-assets/skincare/retinol.jpg,beauty_grooming,no,high,non-fashion keyword (beauty_grooming)
mens_assets_skincare_rollon,Mens Rollon,grooming,https://pub-43484c7ec0d741cabcac4df01e98344b.r2.dev/mens-assets/skincare/rollon.jpg,beauty_grooming,no,high,category=grooming
mens_assets_skincare_toothpaste,Mens Toothpaste,grooming,https://pub-43484c7ec0d741cabcac4df01e98344b.r2.dev/mens-assets/skincare/toothpaste.jpg,hygiene,no,high,non-fashion keyword (hygiene)
mens_assets_travel_black_powerbank,Mens Black Powerbank,travel,https://pub-43484c7ec0d741cabcac4df01e98344b.r2.dev/mens-assets/travel/black powerbank.jpg,electronics_gadget,no,high,non-fashion keyword (electronics_gadget)
mens_assets_travel_blue_neck_pillow,Mens Blue Neck Pillow,travel,https://pub-43484c7ec0d741cabcac4df01e98344b.r2.dev/mens-assets/travel/blue neck pillow.jpg,medical,no,high,non-fashion keyword (medical)
mens_assets_travel_c_type_charger,Mens C Type Charger,travel,https://pub-43484c7ec0d741cabcac4df01e98344b.r2.dev/mens-assets/travel/c type charger.jpg,electronics_gadget,no,high,non-fashion keyword (electronics_gadget)
mens_assets_travel_documentholder,Mens Documentholder,travel,https://pub-43484c7ec0d741cabcac4df01e98344b.r2.dev/mens-assets/travel/documentholder.jpg,travel_utility,no,high,non-fashion keyword (travel_utility)
mens_assets_travel_handfan,Mens Handfan,travel,https://pub-43484c7ec0d741cabcac4df01e98344b.r2.dev/mens-assets/travel/handfan.jpg,electronics_gadget,no,high,non-fashion keyword (electronics_gadget)
mens_assets_travel_medicalkit,Mens Medicalkit,travel,https://pub-43484c7ec0d741cabcac4df01e98344b.r2.dev/mens-assets/travel/medicalkit.jpg,medical,no,high,non-fashion keyword (medical)
mens_assets_travel_mouthfreshener,Mens Mouthfreshener,travel,https://pub-43484c7ec0d741cabcac4df01e98344b.r2.dev/mens-assets/travel/mouthfreshener.jpg,hygiene,no,high,non-fashion keyword (hygiene)
mens_assets_travel_travelweighingscale,Mens Travelweighingscale,travel,https://pub-43484c7ec0d741cabcac4df01e98344b.r2.dev/mens-assets/travel/travelweighingscale.jpg,appliance,no,high,non-fashion keyword (appliance)
mens_assets_travel_white_powerbank,Mens White Powerbank,travel,https://pub-43484c7ec0d741cabcac4df01e98344b.r2.dev/mens-assets/travel/white powerbank.jpg,electronics_gadget,no,high,non-fashion keyword (electronics_gadget)
mens_assets_travel_wireless_earphones,Mens Wireless Earphones,travel,https://pub-43484c7ec0d741cabcac4df01e98344b.r2.dev/mens-assets/travel/wireless earphones.jpg,electronics_gadget,no,high,non-fashion keyword (electronics_gadget)
meghna_female_accessory_documentholder,Documentholder,accessory,https://pub-43484c7ec0d741cabcac4df01e98344b.r2.dev/female-assets/accessory/documentholder.jpg,travel_utility,no,high,non-fashion keyword (travel_utility)
meghna_female_accessory_medicalkit,Medicalkit,accessory,https://pub-43484c7ec0d741cabcac4df01e98344b.r2.dev/female-assets/accessory/medicalkit.jpg,medical,no,high,non-fashion keyword (medical)
meghna_female_accessory_mouthfreshener,Mouthfreshener,accessory,https://pub-43484c7ec0d741cabcac4df01e98344b.r2.dev/female-assets/accessory/mouthfreshener.jpg,hygiene,no,high,non-fashion keyword (hygiene)
meghna_female_accessory_pink_handfan,Pink Handfan,accessory,https://pub-43484c7ec0d741cabcac4df01e98344b.r2.dev/female-assets/accessory/pink_handfan.jpg,electronics_gadget,no,high,non-fashion keyword (electronics_gadget)
meghna_female_accessory_travelfileorganiser,Travelfileorganiser,accessory,https://pub-43484c7ec0d741cabcac4df01e98344b.r2.dev/female-assets/accessory/travelfileorganiser.jpg,travel_utility,no,high,non-fashion keyword (travel_utility)
meghna_female_accessory_travelweighingscale,Travelweighingscale,accessory,https://pub-43484c7ec0d741cabcac4df01e98344b.r2.dev/female-assets/accessory/travelweighingscale.jpg,appliance,no,high,non-fashion keyword (appliance)
mens_assets_travel_wide_tooth_comb,Mens Wide Tooth Comb,travel,https://pub-43484c7ec0d741cabcac4df01e98344b.r2.dev/mens-assets/travel/wide tooth comb.jpg,travel_utility,review,low,category=travel (mixed bag/gadget) — manual review
mens_assets_travel_tail_comb,Mens Tail Comb,travel,https://pub-43484c7ec0d741cabcac4df01e98344b.r2.dev/mens-assets/travel/tail comb.jpg,travel_utility,review,low,category=travel (mixed bag/gadget) — manual review
mens_assets_travel_suitcase,Mens Suitcase,travel,https://pub-43484c7ec0d741cabcac4df01e98344b.r2.dev/mens-assets/travel/suitcase.jpg,travel_utility,review,low,category=travel (mixed bag/gadget) — manual review
mens_assets_travel_foldable_umberella,Mens Foldable Umberella,travel,https://pub-43484c7ec0d741cabcac4df01e98344b.r2.dev/mens-assets/travel/foldable umberella.jpg,travel_utility,review,low,category=travel (mixed bag/gadget) — manual review
mens_assets_travel_face_mask,Mens Face Mask,travel,https://pub-43484c7ec0d741cabcac4df01e98344b.r2.dev/mens-assets/travel/face mask.jpg,travel_utility,review,low,category=travel (mixed bag/gadget) — manual review
mens_assets_travel_chewinggum,Mens Chewinggum,travel,https://pub-43484c7ec0d741cabcac4df01e98344b.r2.dev/mens-assets/travel/chewinggum.jpg,travel_utility,review,low,category=travel (mixed bag/gadget) — manual review
mens_assets_travel_carry_on,Mens Carry On,travel,https://pub-43484c7ec0d741cabcac4df01e98344b.r2.dev/mens-assets/travel/carry on.jpg,travel_utility,review,low,category=travel (mixed bag/gadget) — manual review
mens_assets_travel_breathstips,Mens Breathstips,travel,https://pub-43484c7ec0d741cabcac4df01e98344b.r2.dev/mens-assets/travel/breathstips.jpg,travel_utility,review,low,category=travel (mixed bag/gadget) — manual review
mens_assets_travel_blacktumbler,Mens Blacktumbler,travel,https://pub-43484c7ec0d741cabcac4df01e98344b.r2.dev/mens-assets/travel/blacktumbler.jpg,travel_utility,review,low,category=travel (mixed bag/gadget) — manual review
mens_assets_travel_black_brush,Mens Black Brush,travel,https://pub-43484c7ec0d741cabcac4df01e98344b.r2.dev/mens-assets/travel/black brush.jpg,travel_utility,review,low,category=travel (mixed bag/gadget) — manual review
mens_assets_travel_airpods,Mens Airpods,travel,https://pub-43484c7ec0d741cabcac4df01e98344b.r2.dev/mens-assets/travel/airpods.jpg,travel_utility,review,low,category=travel (mixed bag/gadget) — manual review
hm_mens_sleepwear_e62a891243,H&M Mens Loungewear Set 10,loungewear,https://image.hm.com/assets/hm/47/a4/47a49490181d23b1c178da7509eb97533d92c5c3.jpg?imwidth=2160,loungewear,review,low,sleepwear — taxonomy/keep decision
hm_mens_sleepwear_14c2efc948,H&M Mens Loungewear Set 09,loungewear,https://image.hm.com/assets/hm/b6/63/b6639f53695c34800c10787c6cbd8deed6f59ddc.jpg?imwidth=2160,loungewear,review,low,sleepwear — taxonomy/keep decision
hm_mens_sleepwear_a687615964,H&M Mens Loungewear Set 08,loungewear,https://image.hm.com/assets/hm/d4/94/d4941d1f82a53a0ae90ea322c83c72f68061f8f5.jpg?imwidth=2160,loungewear,review,low,sleepwear — taxonomy/keep decision
hm_mens_sleepwear_adceaf5f33,H&M Mens Loungewear Set 07,loungewear,https://image.hm.com/assets/hm/bf/09/bf09455f9d16527918ab05c21185e139a52e1245.jpg?imwidth=2160,loungewear,review,low,sleepwear — taxonomy/keep decision
hm_mens_sleepwear_99afb3974b,H&M Mens Loungewear Set 06,loungewear,https://image.hm.com/assets/hm/e8/9e/e89e209eb80978ca761d4f1c3b4c0097d0971578.jpg?imwidth=2160,loungewear,review,low,sleepwear — taxonomy/keep decision
hm_mens_sleepwear_9a2be2043b,H&M Mens Loungewear Set 05,loungewear,https://image.hm.com/assets/hm/dc/1b/dc1bc1287d711ba4431eefa969f41a2796ad9d39.jpg?imwidth=2160,loungewear,review,low,sleepwear — taxonomy/keep decision
hm_mens_sleepwear_b3182d5a4e,H&M Mens Loungewear Set 04,loungewear,https://image.hm.com/assets/hm/fb/3d/fb3d11835c02908f5978247edd6fd2ece73a48d5.jpg?imwidth=2160,loungewear,review,low,sleepwear — taxonomy/keep decision
hm_mens_sleepwear_90ce898625,H&M Mens Loungewear Set 03,loungewear,https://image.hm.com/assets/hm/13/07/1307cb4a4a76fa91dcaa1528ea98d0a18028040a.jpg?imwidth=2160,loungewear,review,low,sleepwear — taxonomy/keep decision
hm_mens_sleepwear_414828509a,H&M Mens Loungewear Set 02,loungewear,https://image.hm.com/assets/hm/6d/1c/6d1cfa65831c6494e5cadc59cc059a3cf2083041.jpg?imwidth=2160,loungewear,review,low,sleepwear — taxonomy/keep decision
hm_mens_sleepwear_2482666a7f,H&M Mens Loungewear Set 01,loungewear,https://image.hm.com/assets/hm/69/2f/692f3143a46c9ba59da0e841f12a6ba04f228ecd.jpg?imwidth=2160,loungewear,review,low,sleepwear — taxonomy/keep decision
hm_mens_t_shirt_22945aa8c1,H&M Mens Crew T-Shirt 07,top,https://image.hm.com/assets/hm/e8/bd/e8bdd04a444892518f81d611a4ba8c847ceea0a5.jpg?imwidth=2160,apparel/fashion,yes,high,fashion keyword + category=top
hm_mens_jeans_53f59a62af,H&M Mens Dark Wash Jeans 01,bottom,https://image.hm.com/assets/hm/64/17/6417bde3c7f79f30842585ef3cbfc7674006bb68.jpg?imwidth=2160,apparel/fashion,yes,high,fashion keyword + category=bottom
hm_mens_jeans_e7e7b878b8,H&M Mens Slim Jeans 03,bottom,https://image.hm.com/assets/hm/0a/e4/0ae44cf31b185b415e9a3e01979661daec0a09d5.jpg?imwidth=2160,apparel/fashion,yes,high,fashion keyword + category=bottom
hm_mens_jeans_c9300fa8b8,H&M Mens Dark Wash Jeans 06,bottom,https://image.hm.com/assets/hm/b1/d4/b1d40e73b4396f9e31882f4744f23d6177d819fd.jpg?imwidth=2160,apparel/fashion,yes,high,fashion keyword + category=bottom
hm_mens_jeans_8f8ce99db5,H&M Mens Slim Jeans 08,bottom,https://image.hm.com/assets/hm/d9/d2/d9d22770c6399170f81f951c3985a5df1af61949.jpg?imwidth=2160,apparel/fashion,yes,high,fashion keyword + category=bottom
hm_mens_shorts_f85a963fd0,H&M Mens Linen Shorts 01,bottom,https://image.hm.com/assets/hm/59/aa/59aa1596bc09a8ebf34eec0230b7aa3bc47c7dd8.jpg?imwidth=2160,apparel/fashion,yes,high,fashion keyword + category=bottom
hm_mens_shorts_c640aa68c9,H&M Mens Chino Shorts 08,bottom,https://image.hm.com/assets/hm/77/a8/77a8102a3dc4b13a6c6f2fa42bdd83529954e7d0.jpg?imwidth=2160,apparel/fashion,yes,high,fashion keyword + category=bottom
hm_mens_jacket_ef23870578,H&M Mens Lightweight Jacket 06,outerwear,https://image.hm.com/assets/hm/d6/1f/d61f30fa0acb689435d0f0efef2b05972a332045.jpg?imwidth=2160,apparel/fashion,yes,high,fashion keyword + category=outerwear
hm_mens_jacket_333fb1012a,H&M Mens Overshirt 09,outerwear,https://image.hm.com/assets/hm/33/6f/336ffcc24e80c8ea66e9e5868adf8cf096542a0c.jpg?imwidth=2160,apparel/fashion,yes,high,fashion keyword + category=outerwear
hm_mens_hoodie_sweatshirt_359477b5a3,H&M Mens Essential Hoodie 01,top,https://image.hm.com/assets/hm/f5/a6/f5a6dc25b55a179edab1d2882d61cb92f06060af.jpg?imwidth=2160,apparel/fashion,yes,high,fashion keyword + category=top
hm_mens_hoodie_sweatshirt_51da325845,H&M Mens Crew Sweatshirt 02,top,https://image.hm.com/assets/hm/90/82/908265eaea9476d9c7746a7aee8a5f8d5a682663.jpg?imwidth=2160,apparel/fashion,yes,high,fashion keyword + category=top
hm_mens_hoodie_sweatshirt_72a8ec2d1a,H&M Mens Pullover Sweatshirt 04,top,https://image.hm.com/assets/hm/eb/82/eb824370cd39e293543da2d4db737292d9da8cf6.jpg?imwidth=2160,apparel/fashion,yes,high,fashion keyword + category=top
hm_mens_hoodie_sweatshirt_959d3f283a,H&M Mens Oversized Hoodie 10,top,https://image.hm.com/assets/hm/72/fa/72fa363af2853c9f6b58d5c59cd3a95f41968dd5.jpg?imwidth=2160,apparel/fashion,yes,high,fashion keyword + category=top
mens_assets_tops_burgendyhalfhandsshirt,Mens Burgendyhalfhandsshirt,top,https://pub-43484c7ec0d741cabcac4df01e98344b.r2.dev/mens-assets/tops/burgendyhalfhandsshirt.jpg,apparel/fashion,yes,high,fashion keyword + category=top
meghna_female_bottom_acid_wash_jeans,Acid Wash Jeans,bottom,https://pub-43484c7ec0d741cabcac4df01e98344b.r2.dev/female-assets/bottom/acid_wash_jeans.jpg,apparel/fashion,yes,high,fashion keyword + category=bottom
meghna_female_bottom_denim_skirt_short,Denim Skirt Short,bottom,https://pub-43484c7ec0d741cabcac4df01e98344b.r2.dev/female-assets/bottom/denim_skirt_short.jpg,apparel/fashion,yes,high,fashion keyword + category=bottom
meghna_female_bottom_medium_denim_shorts_high_waisted,Medium Denim Shorts High Waisted,bottom,https://pub-43484c7ec0d741cabcac4df01e98344b.r2.dev/female-assets/bottom/medium_denim_shorts_high_waisted.jpg,apparel/fashion,yes,high,fashion keyword + category=bottom
meghna_female_dress_barbiepinkboatneckdress,Barbiepinkboatneckdress,dress,https://pub-43484c7ec0d741cabcac4df01e98344b.r2.dev/female-assets/dress/barbiepinkboatneckdress.jpg,apparel/fashion,yes,high,fashion keyword + category=dress
meghna_female_dress_denim_dress,Denim Dress,dress,https://pub-43484c7ec0d741cabcac4df01e98344b.r2.dev/female-assets/dress/denim_dress.jpg,apparel/fashion,yes,high,fashion keyword + category=dress
meghna_female_dress_offshouldercreammididress,Offshouldercreammididress,dress,https://pub-43484c7ec0d741cabcac4df01e98344b.r2.dev/female-assets/dress/offshouldercreammididress.jpg,apparel/fashion,yes,high,fashion keyword + category=dress
meghna_female_ethnic_chiliredsleevelesslehenga,Chiliredsleevelesslehenga,ethnic,https://pub-43484c7ec0d741cabcac4df01e98344b.r2.dev/female-assets/ethnic/chiliredsleevelesslehenga.jpg,apparel/fashion,yes,high,fashion keyword + category=ethnic
meghna_female_ethnic_laender_pastel_saree,Laender Pastel Saree,ethnic,https://pub-43484c7ec0d741cabcac4df01e98344b.r2.dev/female-assets/ethnic/laender_pastel_saree.jpg,apparel/fashion,yes,high,fashion keyword + category=ethnic
meghna_female_accessory_hairclutch,Hairclutch,accessory,https://pub-43484c7ec0d741cabcac4df01e98344b.r2.dev/female-assets/accessory/hairclutch.jpg,apparel/fashion,yes,high,fashion keyword + category=accessory
meghna_female_accessory_dufflebag,Dufflebag,accessory,https://pub-43484c7ec0d741cabcac4df01e98344b.r2.dev/female-assets/accessory/dufflebag.jpg,apparel/fashion,yes,high,fashion keyword + category=accessory
meghna_female_top_whitetop,Whitetop,top,https://pub-43484c7ec0d741cabcac4df01e98344b.r2.dev/female-assets/top/whitetop.jpg,apparel/fashion,yes,high,fashion keyword + category=top
meghna_female_top_whitetank,Whitetank,top,https://pub-43484c7ec0d741cabcac4df01e98344b.r2.dev/female-assets/top/whitetank.jpg,apparel/fashion,yes,high,fashion keyword + category=top
meghna_female_top_whiteshirt,Whiteshirt,top,https://pub-43484c7ec0d741cabcac4df01e98344b.r2.dev/female-assets/top/whiteshirt.jpg,apparel/fashion,yes,high,fashion keyword + category=top
meghna_female_top_whitecrewneck,Whitecrewneck,top,https://pub-43484c7ec0d741cabcac4df01e98344b.r2.dev/female-assets/top/whitecrewneck.jpg,apparel/fashion,yes,high,fashion keyword + category=top
meghna_female_top_white_spagetti_strap_top,White Spagetti Strap Top,top,https://pub-43484c7ec0d741cabcac4df01e98344b.r2.dev/female-assets/top/white_spagetti_strap_top.jpg,apparel/fashion,yes,high,fashion keyword + category=top
meghna_female_top_white_bow_top,White Bow Top,top,https://pub-43484c7ec0d741cabcac4df01e98344b.r2.dev/female-assets/top/white_bow_top.jpg,apparel/fashion,yes,high,fashion keyword + category=top
meghna_female_accessory_silver_fringe_top,Silver Fringe Top,accessory,https://pub-43484c7ec0d741cabcac4df01e98344b.r2.dev/female-assets/accessory/silver_fringe_top.jpg,apparel/fashion,yes,high,fashion keyword + category=accessory
meghna_female_top_orangetop,Orangetop,top,https://pub-43484c7ec0d741cabcac4df01e98344b.r2.dev/female-assets/top/orangetop.jpg,apparel/fashion,yes,high,fashion keyword + category=top
meghna_female_top_orange_tshirt,Orange Tshirt,top,https://pub-43484c7ec0d741cabcac4df01e98344b.r2.dev/female-assets/top/orange_tshirt.jpg,apparel/fashion,yes,high,fashion keyword + category=top
meghna_female_top_lightblueshirt,Lightblueshirt,top,https://pub-43484c7ec0d741cabcac4df01e98344b.r2.dev/female-assets/top/lightblueshirt.jpg,apparel/fashion,yes,high,fashion keyword + category=top
meghna_female_top_light_pink_tshirt,Light Pink Tshirt,top,https://pub-43484c7ec0d741cabcac4df01e98344b.r2.dev/female-assets/top/light_pink_tshirt.jpg,apparel/fashion,yes,high,fashion keyword + category=top
meghna_female_top_light_pink_swquin_top_sleeveless,Light Pink Swquin Top Sleeveless,top,https://pub-43484c7ec0d741cabcac4df01e98344b.r2.dev/female-assets/top/light_pink_swquin_top_sleeveless.jpg,apparel/fashion,yes,high,fashion keyword + category=top
meghna_female_top_light_pink_off_shoulder_top,Light Pink Off Shoulder Top,top,https://pub-43484c7ec0d741cabcac4df01e98344b.r2.dev/female-assets/top/light_pink_off_shoulder_top.jpg,apparel/fashion,yes,high,fashion keyword + category=top
meghna_female_top_light_blue_gingem_one_shoulder_top,Light Blue Gingem One Shoulder Top,top,https://pub-43484c7ec0d741cabcac4df01e98344b.r2.dev/female-assets/top/light_blue_gingem_one_shoulder_top.jpg,apparel/fashion,yes,high,fashion keyword + category=top
meghna_female_top_leather_black_top,Leather Black Top,top,https://pub-43484c7ec0d741cabcac4df01e98344b.r2.dev/female-assets/top/leather_black_top.jpg,apparel/fashion,yes,high,fashion keyword + category=top
meghna_female_top_greyfineknittop,Greyfineknittop,top,https://pub-43484c7ec0d741cabcac4df01e98344b.r2.dev/female-assets/top/greyfineknittop.jpg,apparel/fashion,yes,high,fashion keyword + category=top
meghna_female_top_gingem_blue_spagetti_strap_top,Gingem Blue Spagetti Strap Top,top,https://pub-43484c7ec0d741cabcac4df01e98344b.r2.dev/female-assets/top/gingem_blue_spagetti_strap_top.jpg,apparel/fashion,yes,high,fashion keyword + category=top
meghna_female_top_floral_top,Floral Top,top,https://pub-43484c7ec0d741cabcac4df01e98344b.r2.dev/female-assets/top/floral_top.jpg,apparel/fashion,yes,high,fashion keyword + category=top
meghna_female_top_electric_blue_tshirt,Electric Blue Tshirt,top,https://pub-43484c7ec0d741cabcac4df01e98344b.r2.dev/female-assets/top/electric_blue_tshirt.jpg,apparel/fashion,yes,high,fashion keyword + category=top
meghna_female_top_dark_blue_tshirt,Dark Blue Tshirt,top,https://pub-43484c7ec0d741cabcac4df01e98344b.r2.dev/female-assets/top/dark_blue_tshirt.jpg,apparel/fashion,yes,high,fashion keyword + category=top
meghna_female_top_creamtank,Creamtank,top,https://pub-43484c7ec0d741cabcac4df01e98344b.r2.dev/female-assets/top/creamtank.jpg,apparel/fashion,yes,high,fashion keyword + category=top
meghna_female_top_creamknittop,Creamknittop,top,https://pub-43484c7ec0d741cabcac4df01e98344b.r2.dev/female-assets/top/creamknittop.jpg,apparel/fashion,yes,high,fashion keyword + category=top
meghna_female_top_creamcrewneck,Creamcrewneck,top,https://pub-43484c7ec0d741cabcac4df01e98344b.r2.dev/female-assets/top/creamcrewneck.jpg,apparel/fashion,yes,high,fashion keyword + category=top
meghna_female_top_cream_top,Cream Top,top,https://pub-43484c7ec0d741cabcac4df01e98344b.r2.dev/female-assets/top/cream_top.jpg,apparel/fashion,yes,high,fashion keyword + category=top
meghna_female_top_burnt_red_sports_vest_top,Burnt Red Sports Vest Top,top,https://pub-43484c7ec0d741cabcac4df01e98344b.r2.dev/female-assets/top/burnt_red_sports_vest_top.jpg,apparel/fashion,yes,high,fashion keyword + category=top
meghna_female_top_browntop,Browntop,top,https://pub-43484c7ec0d741cabcac4df01e98344b.r2.dev/female-assets/top/browntop.jpg,apparel/fashion,yes,high,fashion keyword + category=top
meghna_female_top_brown_sports_vest_top,Brown Sports Vest Top,top,https://pub-43484c7ec0d741cabcac4df01e98344b.r2.dev/female-assets/top/brown_sports_vest_top.jpg,apparel/fashion,yes,high,fashion keyword + category=top
meghna_female_top_blacktop,Blacktop,top,https://pub-43484c7ec0d741cabcac4df01e98344b.r2.dev/female-assets/top/blacktop.jpg,apparel/fashion,yes,high,fashion keyword + category=top
meghna_female_top_black_sequin_top,Black Sequin Top,top,https://pub-43484c7ec0d741cabcac4df01e98344b.r2.dev/female-assets/top/black_sequin_top.jpg,apparel/fashion,yes,high,fashion keyword + category=top
meghna_female_accessory_black_fringe_leather_top,Black Fringe Leather Top,accessory,https://pub-43484c7ec0d741cabcac4df01e98344b.r2.dev/female-assets/accessory/black_fringe_leather_top.jpg,apparel/fashion,yes,high,fashion keyword + category=accessory
meghna_female_top_black_bandau_top,Black Bandau Top,top,https://pub-43484c7ec0d741cabcac4df01e98344b.r2.dev/female-assets/top/black_bandau_top.jpg,apparel/fashion,yes,high,fashion keyword + category=top
meghna_female_top_black_and_white_stripe_tshirt,Black And White Stripe Tshirt,top,https://pub-43484c7ec0d741cabcac4df01e98344b.r2.dev/female-assets/top/black_and_white_stripe_tshirt.jpg,apparel/fashion,yes,high,fashion keyword + category=top
meghna_female_accessory_brown_sunglasses,Brown Sunglasses,accessory,https://pub-43484c7ec0d741cabcac4df01e98344b.r2.dev/female-assets/accessory/brown_sunglasses.jpg,apparel/fashion,yes,high,fashion keyword + category=accessory
meghna_female_accessory_brown_cat_eye_sunglasses,Brown Cat Eye Sunglasses,accessory,https://pub-43484c7ec0d741cabcac4df01e98344b.r2.dev/female-assets/accessory/brown_cat_eye_sunglasses.jpg,apparel/fashion,yes,high,fashion keyword + category=accessory
meghna_female_accessory_walletdinor,Walletdinor,accessory,https://pub-43484c7ec0d741cabcac4df01e98344b.r2.dev/female-assets/accessory/walletdinor.jpg,apparel/fashion,yes,high,fashion keyword + category=accessory
meghna_female_ethnic_red_sharara,Red Sharara,ethnic,https://pub-43484c7ec0d741cabcac4df01e98344b.r2.dev/female-assets/ethnic/red_sharara.jpg,apparel/fashion,yes,high,fashion keyword + category=ethnic
meghna_female_ethnic_red_sharara_set,Red Sharara Set,ethnic,https://pub-43484c7ec0d741cabcac4df01e98344b.r2.dev/female-assets/ethnic/red_sharara_set.jpg,apparel/fashion,yes,high,fashion keyword + category=ethnic
meghna_female_ethnic_lime_green_sharara,Lime Green Sharara,ethnic,https://pub-43484c7ec0d741cabcac4df01e98344b.r2.dev/female-assets/ethnic/lime_green_sharara.jpg,apparel/fashion,yes,high,fashion keyword + category=ethnic
meghna_female_ethnic_light_blue_sharara,Light Blue Sharara,ethnic,https://pub-43484c7ec0d741cabcac4df01e98344b.r2.dev/female-assets/ethnic/light_blue_sharara.jpg,apparel/fashion,yes,high,fashion keyword + category=ethnic
meghna_female_ethnic_greenshararaworkset,Greenshararaworkset,ethnic,https://pub-43484c7ec0d741cabcac4df01e98344b.r2.dev/female-assets/ethnic/greenshararaworkset.jpg,apparel/fashion,yes,high,fashion keyword + category=ethnic
meghna_female_ethnic_peacock_blue_cocktail_saree,Peacock Blue Cocktail Saree,ethnic,https://pub-43484c7ec0d741cabcac4df01e98344b.r2.dev/female-assets/ethnic/peacock_blue_cocktail_saree.jpg,apparel/fashion,yes,high,fashion keyword + category=ethnic
meghna_female_ethnic_orange_saree,Orange Saree,ethnic,https://pub-43484c7ec0d741cabcac4df01e98344b.r2.dev/female-assets/ethnic/orange_saree.jpg,apparel/fashion,yes,high,fashion keyword + category=ethnic
meghna_female_ethnic_offshoulderblousebluesaree,Offshoulderblousebluesaree,ethnic,https://pub-43484c7ec0d741cabcac4df01e98344b.r2.dev/female-assets/ethnic/offshoulderblousebluesaree.jpg,apparel/fashion,yes,high,fashion keyword + category=ethnic
meghna_female_ethnic_maroon_velvet_saree,Maroon Velvet Saree,ethnic,https://pub-43484c7ec0d741cabcac4df01e98344b.r2.dev/female-assets/ethnic/maroon_velvet_saree.jpg,apparel/fashion,yes,high,fashion keyword + category=ethnic
meghna_female_ethnic_light_green_saree,Light Green Saree,ethnic,https://pub-43484c7ec0d741cabcac4df01e98344b.r2.dev/female-assets/ethnic/light_green_saree.jpg,apparel/fashion,yes,high,fashion keyword + category=ethnic
meghna_female_ethnic_lavender_saree,Lavender Saree,ethnic,https://pub-43484c7ec0d741cabcac4df01e98344b.r2.dev/female-assets/ethnic/lavender_saree.jpg,apparel/fashion,yes,high,fashion keyword + category=ethnic
meghna_female_ethnic_gold_embroidered_cocktail_saree,Gold Embroidered Cocktail Saree,ethnic,https://pub-43484c7ec0d741cabcac4df01e98344b.r2.dev/female-assets/ethnic/gold_embroidered_cocktail_saree.jpg,apparel/fashion,yes,high,fashion keyword + category=ethnic
meghna_female_ethnic_bluelehengawithgoldembroidaryblousesleeveless,Bluelehengawithgoldembroidaryblousesleeveless,ethnic,https://pub-43484c7ec0d741cabcac4df01e98344b.r2.dev/female-assets/ethnic/bluelehengawithgoldembroidaryblousesleeveless.jpg,apparel/fashion,yes,high,fashion keyword + category=ethnic
meghna_female_ethnic_blue_and_white_shaded_saree,Blue And White Shaded Saree,ethnic,https://pub-43484c7ec0d741cabcac4df01e98344b.r2.dev/female-assets/ethnic/blue_and_white_shaded_saree.jpg,apparel/fashion,yes,high,fashion keyword + category=ethnic
meghna_female_outerwear_white_and_black_polka_dot_jacket,White And Black Polka Dot Jacket,outerwear,https://pub-43484c7ec0d741cabcac4df01e98344b.r2.dev/female-assets/outerwear/white_and_black_polka_dot_jacket.jpg,apparel/fashion,yes,high,fashion keyword + category=outerwear
meghna_female_outerwear_tan_suede_jacket,Tan Suede Jacket,outerwear,https://pub-43484c7ec0d741cabcac4df01e98344b.r2.dev/female-assets/outerwear/tan_suede_jacket.jpg,apparel/fashion,yes,high,fashion keyword + category=outerwear
meghna_female_outerwear_polka_dot_puffer_jacket,Polka Dot Puffer Jacket,outerwear,https://pub-43484c7ec0d741cabcac4df01e98344b.r2.dev/female-assets/outerwear/polka_dot_puffer_jacket.jpg,apparel/fashion,yes,high,fashion keyword + category=outerwear
meghna_female_outerwear_medium_blue_denim_jacket,Medium Blue Denim Jacket,outerwear,https://pub-43484c7ec0d741cabcac4df01e98344b.r2.dev/female-assets/outerwear/medium_blue_denim_jacket.jpg,apparel/fashion,yes,high,fashion keyword + category=outerwear
meghna_female_outerwear_light_blue_denim_jacket,Light Blue Denim Jacket,outerwear,https://pub-43484c7ec0d741cabcac4df01e98344b.r2.dev/female-assets/outerwear/light_blue_denim_jacket.jpg,apparel/fashion,yes,high,fashion keyword + category=outerwear
meghna_female_outerwear_grey_wool_blazer,Grey Wool Blazer,outerwear,https://pub-43484c7ec0d741cabcac4df01e98344b.r2.dev/female-assets/outerwear/grey_wool_blazer.jpg,apparel/fashion,yes,high,fashion keyword + category=outerwear
meghna_female_outerwear_fur_coat_brown,Fur Coat Brown,outerwear,https://pub-43484c7ec0d741cabcac4df01e98344b.r2.dev/female-assets/outerwear/fur_coat_brown.jpg,apparel/fashion,yes,high,fashion keyword + category=outerwear
meghna_female_outerwear_dark_blue_denim_jacket,Dark Blue Denim Jacket,outerwear,https://pub-43484c7ec0d741cabcac4df01e98344b.r2.dev/female-assets/outerwear/dark_blue_denim_jacket.jpg,apparel/fashion,yes,high,fashion keyword + category=outerwear
meghna_female_outerwear_cream_blazer,Cream Blazer,outerwear,https://pub-43484c7ec0d741cabcac4df01e98344b.r2.dev/female-assets/outerwear/cream_blazer.jpg,apparel/fashion,yes,high,fashion keyword + category=outerwear
meghna_female_outerwear_brown_suede_biker_jacket,Brown Suede Biker Jacket,outerwear,https://pub-43484c7ec0d741cabcac4df01e98344b.r2.dev/female-assets/outerwear/brown_suede_biker_jacket.jpg,apparel/fashion,yes,high,fashion keyword + category=outerwear
meghna_female_outerwear_black_trench_coat,Black Trench Coat,outerwear,https://pub-43484c7ec0d741cabcac4df01e98344b.r2.dev/female-assets/outerwear/black_trench_coat.jpg,apparel/fashion,yes,high,fashion keyword + category=outerwear
meghna_female_outerwear_black_leat_2,Black Leather Jacket,outerwear,https://pub-43484c7ec0d741cabcac4df01e98344b.r2.dev/female-assets/outerwear/black_leather_jacket.jpg,apparel/fashion,yes,high,fashion keyword + category=outerwear
meghna_female_outerwear_black_leather_biker_jacket,Black Leather Biker Jacket,outerwear,https://pub-43484c7ec0d741cabcac4df01e98344b.r2.dev/female-assets/outerwear/black_leather_biker_jacket.jpg,apparel/fashion,yes,high,fashion keyword + category=outerwear
meghna_female_outerwear_black_blazer,Black Blazer,outerwear,https://pub-43484c7ec0d741cabcac4df01e98344b.r2.dev/female-assets/outerwear/black_blazer.jpg,apparel/fashion,yes,high,fashion keyword + category=outerwear
meghna_female_outerwear_beige_fur_coat,Beige Fur Coat,outerwear,https://pub-43484c7ec0d741cabcac4df01e98344b.r2.dev/female-assets/outerwear/beige_fur_coat.jpg,apparel/fashion,yes,high,fashion keyword + category=outerwear
meghna_female_ethnic_yellow_lehenga,Yellow Lehenga,ethnic,https://pub-43484c7ec0d741cabcac4df01e98344b.r2.dev/female-assets/ethnic/yellow_lehenga.jpg,apparel/fashion,yes,high,fashion keyword + category=ethnic
meghna_female_ethnic_red_lehenga,Red Lehenga,ethnic,https://pub-43484c7ec0d741cabcac4df01e98344b.r2.dev/female-assets/ethnic/red_lehenga.jpg,apparel/fashion,yes,high,fashion keyword + category=ethnic
meghna_female_ethnic_pale_pink_lehenga,Pale Pink Lehenga,ethnic,https://pub-43484c7ec0d741cabcac4df01e98344b.r2.dev/female-assets/ethnic/pale_pink_lehenga.jpg,apparel/fashion,yes,high,fashion keyword + category=ethnic
meghna_female_ethnic_loive_green_lehenga,Loive Green Lehenga,ethnic,https://pub-43484c7ec0d741cabcac4df01e98344b.r2.dev/female-assets/ethnic/loive_green_lehenga.jpg,apparel/fashion,yes,high,fashion keyword + category=ethnic
meghna_female_ethnic_dark_blue_lehenga,Dark Blue Lehenga,ethnic,https://pub-43484c7ec0d741cabcac4df01e98344b.r2.dev/female-assets/ethnic/dark_blue_lehenga.jpg,apparel/fashion,yes,high,fashion keyword + category=ethnic
meghna_female_ethnic_bluegoldembroidaryoffshoulderlehenga,Bluegoldembroidaryoffshoulderlehenga,ethnic,https://pub-43484c7ec0d741cabcac4df01e98344b.r2.dev/female-assets/ethnic/bluegoldembroidaryoffshoulderlehenga.jpg,apparel/fashion,yes,high,fashion keyword + category=ethnic
meghna_female_ethnic_black_and_gold_lehenga,Black And Gold Lehenga,ethnic,https://pub-43484c7ec0d741cabcac4df01e98344b.r2.dev/female-assets/ethnic/black_and_gold_lehenga.jpg,apparel/fashion,yes,high,fashion keyword + category=ethnic
meghna_female_top_yellowmirrorworkspagettistraptop,Yellowmirrorworkspagettistraptop,top,https://pub-43484c7ec0d741cabcac4df01e98344b.r2.dev/female-assets/top/yellowmirrorworkspagettistraptop.jpg,apparel/fashion,yes,high,fashion keyword + category=top
meghna_female_ethnic_yellow_kurti_top,Yellow Kurti Top,ethnic,https://pub-43484c7ec0d741cabcac4df01e98344b.r2.dev/female-assets/ethnic/yellow_kurti_top.jpg,apparel/fashion,yes,high,fashion keyword + category=ethnic
meghna_female_ethnic_pink_kurti_top,Pink Kurti Top,ethnic,https://pub-43484c7ec0d741cabcac4df01e98344b.r2.dev/female-assets/ethnic/pink_kurti_top.jpg,apparel/fashion,yes,high,fashion keyword + category=ethnic
meghna_female_ethnic_yellowsleevelesskurtaset,Yellowsleevelesskurtaset,ethnic,https://pub-43484c7ec0d741cabcac4df01e98344b.r2.dev/female-assets/ethnic/yellowsleevelesskurtaset.jpg,apparel/fashion,yes,high,fashion keyword + category=ethnic
meghna_female_ethnic_purplebandhanipinkspagettistrapkurtaset,Purplebandhanipinkspagettistrapkurtaset,ethnic,https://pub-43484c7ec0d741cabcac4df01e98344b.r2.dev/female-assets/ethnic/purplebandhanipinkspagettistrapkurtaset.jpg,apparel/fashion,yes,high,fashion keyword + category=ethnic
meghna_female_ethnic_greenbrocadepinksleevelesskurtaset,Greenbrocadepinksleevelesskurtaset,ethnic,https://pub-43484c7ec0d741cabcac4df01e98344b.r2.dev/female-assets/ethnic/greenbrocadepinksleevelesskurtaset.jpg,apparel/fashion,yes,high,fashion keyword + category=ethnic
meghna_female_accessory_pink_cosmetic_bag,Pink Cosmetic Bag,accessory,https://pub-43484c7ec0d741cabcac4df01e98344b.r2.dev/female-assets/accessory/pink_cosmetic_bag.jpg,apparel/fashion,yes,high,fashion keyword + category=accessory
meghna_female_dress_red_faux_fur_dress,Red Faux Fur Dress,dress,https://pub-43484c7ec0d741cabcac4df01e98344b.r2.dev/female-assets/dress/red_faux_fur_dress.jpg,apparel/fashion,yes,high,fashion keyword + category=dress
meghna_female_dress_pastelpinkgown,Pastelpinkgown,dress,https://pub-43484c7ec0d741cabcac4df01e98344b.r2.dev/female-assets/dress/pastelpinkgown.jpg,apparel/fashion,yes,high,fashion keyword + category=dress
meghna_female_dress_offshoulder_burnt_red_gown,Offshoulder Burnt Red Gown,dress,https://pub-43484c7ec0d741cabcac4df01e98344b.r2.dev/female-assets/dress/offshoulder_burnt_red_gown.jpg,apparel/fashion,yes,high,fashion keyword + category=dress
meghna_female_footwear_white_sneaker,White Sneaker,footwear,https://pub-43484c7ec0d741cabcac4df01e98344b.r2.dev/female-assets/footwear/white_sneaker.jpg,apparel/fashion,yes,high,fashion keyword + category=footwear
meghna_female_footwear_tan_flats,Tan Flats,footwear,https://pub-43484c7ec0d741cabcac4df01e98344b.r2.dev/female-assets/footwear/tan_flats.jpg,apparel/fashion,yes,high,fashion keyword + category=footwear
meghna_female_footwear_silverheel,Silverheel,footwear,https://pub-43484c7ec0d741cabcac4df01e98344b.r2.dev/female-assets/footwear/silverheel.jpg,apparel/fashion,yes,high,fashion keyword + category=footwear
meghna_female_footwear_kohlapuriwedge,Kohlapuriwedge,footwear,https://pub-43484c7ec0d741cabcac4df01e98344b.r2.dev/female-assets/footwear/kohlapuriwedge.jpg,apparel/fashion,yes,high,fashion keyword + category=footwear
meghna_female_footwear_goldheel,Goldheel,footwear,https://pub-43484c7ec0d741cabcac4df01e98344b.r2.dev/female-assets/footwear/goldheel.jpg,apparel/fashion,yes,high,fashion keyword + category=footwear
meghna_female_footwear_goldflatsandal,Goldflatsandal,footwear,https://pub-43484c7ec0d741cabcac4df01e98344b.r2.dev/female-assets/footwear/goldflatsandal.jpg,apparel/fashion,yes,high,fashion keyword + category=footwear
meghna_female_footwear_conversesneakers,Conversesneakers,footwear,https://pub-43484c7ec0d741cabcac4df01e98344b.r2.dev/female-assets/footwear/conversesneakers.jpg,apparel/fashion,yes,high,fashion keyword + category=footwear
meghna_female_footwear_brownboots,Brownboots,footwear,https://pub-43484c7ec0d741cabcac4df01e98344b.r2.dev/female-assets/footwear/brownboots.jpg,apparel/fashion,yes,high,fashion keyword + category=footwear
meghna_female_footwear_blckboots,Blckboots,footwear,https://pub-43484c7ec0d741cabcac4df01e98344b.r2.dev/female-assets/footwear/blckboots.jpg,apparel/fashion,yes,high,fashion keyword + category=footwear
meghna_female_footwear_blackrainboot,Blackrainboot,footwear,https://pub-43484c7ec0d741cabcac4df01e98344b.r2.dev/female-assets/footwear/blackrainboot.jpg,apparel/fashion,yes,high,fashion keyword + category=footwear
meghna_female_footwear_black_heel,Black Heel,footwear,https://pub-43484c7ec0d741cabcac4df01e98344b.r2.dev/female-assets/footwear/black_heel.jpg,apparel/fashion,yes,high,fashion keyword + category=footwear
meghna_female_footwear_black_flat_sandals,Black Flat Sandals,footwear,https://pub-43484c7ec0d741cabcac4df01e98344b.r2.dev/female-assets/footwear/black_flat_sandals.jpg,apparel/fashion,yes,high,fashion keyword + category=footwear
meghna_female_dress_yellowsweetheartcorsetdress,Yellowsweetheartcorsetdress,dress,https://pub-43484c7ec0d741cabcac4df01e98344b.r2.dev/female-assets/dress/yellowsweetheartcorsetdress.jpg,apparel/fashion,yes,high,fashion keyword + category=dress
meghna_female_dress_yellowboatneckmidi,Yellowboatneckmidi,dress,https://pub-43484c7ec0d741cabcac4df01e98344b.r2.dev/female-assets/dress/yellowboatneckmidi.jpg,apparel/fashion,yes,high,fashion keyword + category=dress
meghna_female_dress_yellow_midi_dress,Yellow Midi Dress,dress,https://pub-43484c7ec0d741cabcac4df01e98344b.r2.dev/female-assets/dress/yellow_midi_dress.jpg,apparel/fashion,yes,high,fashion keyword + category=dress
meghna_female_dress_whitespagettistrappscalloplayerdress,Whitespagettistrappscalloplayerdress,dress,https://pub-43484c7ec0d741cabcac4df01e98344b.r2.dev/female-assets/dress/whitespagettistrappscalloplayerdress.jpg,apparel/fashion,yes,high,fashion keyword + category=dress
meghna_female_dress_whiteboatneckmidi,Whiteboatneckmidi,dress,https://pub-43484c7ec0d741cabcac4df01e98344b.r2.dev/female-assets/dress/whiteboatneckmidi.jpg,apparel/fashion,yes,high,fashion keyword + category=dress
meghna_female_dress_taupe_knit_dress,Taupe Knit Dress,dress,https://pub-43484c7ec0d741cabcac4df01e98344b.r2.dev/female-assets/dress/taupe_knit_dress.jpg,apparel/fashion,yes,high,fashion keyword + category=dress
meghna_female_dress_stripesboatneckmidi,Stripesboatneckmidi,dress,https://pub-43484c7ec0d741cabcac4df01e98344b.r2.dev/female-assets/dress/stripesboatneckmidi.jpg,apparel/fashion,yes,high,fashion keyword + category=dress
meghna_female_dress_strapless_dress_pink_tie_die,Strapless Dress Pink Tie Die,dress,https://pub-43484c7ec0d741cabcac4df01e98344b.r2.dev/female-assets/dress/strapless_dress_pink_tie_die.jpg,apparel/fashion,yes,high,fashion keyword + category=dress
meghna_female_dress_silver_shimmer_midi_dress,Silver Shimmer Midi Dress,dress,https://pub-43484c7ec0d741cabcac4df01e98344b.r2.dev/female-assets/dress/silver_shimmer_midi_dress.jpg,apparel/fashion,yes,high,fashion keyword + category=dress
meghna_female_dress_redginghamvneckshortdress,Redginghamvneckshortdress,dress,https://pub-43484c7ec0d741cabcac4df01e98344b.r2.dev/female-assets/dress/redginghamvneckshortdress.jpg,apparel/fashion,yes,high,fashion keyword + category=dress
meghna_female_dress_redginghamsweetheartshortdress,Redginghamsweetheartshortdress,dress,https://pub-43484c7ec0d741cabcac4df01e98344b.r2.dev/female-assets/dress/redginghamsweetheartshortdress.jpg,apparel/fashion,yes,high,fashion keyword + category=dress
meghna_female_dress_red_corset_strapless_faux_fur_midi_dress,Red Corset Strapless Faux Fur Midi Dress,dress,https://pub-43484c7ec0d741cabcac4df01e98344b.r2.dev/female-assets/dress/red_corset_strapless_faux_fur_midi_dress.jpg,apparel/fashion,yes,high,fashion keyword + category=dress
meghna_female_dress_purpleboatneckmidi,Purpleboatneckmidi,dress,https://pub-43484c7ec0d741cabcac4df01e98344b.r2.dev/female-assets/dress/purpleboatneckmidi.jpg,apparel/fashion,yes,high,fashion keyword + category=dress
meghna_female_dress_polkadotwhiteboatneckminidress,Polkadotwhiteboatneckminidress,dress,https://pub-43484c7ec0d741cabcac4df01e98344b.r2.dev/female-assets/dress/polkadotwhiteboatneckminidress.jpg,apparel/fashion,yes,high,fashion keyword + category=dress
meghna_female_dress_pinksequinboatneckdress,Pinksequinboatneckdress,dress,https://pub-43484c7ec0d741cabcac4df01e98344b.r2.dev/female-assets/dress/pinksequinboatneckdress.jpg,apparel/fashion,yes,high,fashion keyword + category=dress
meghna_female_dress_pink_sequins_jumpsuit,Pink Sequins Jumpsuit,dress,https://pub-43484c7ec0d741cabcac4df01e98344b.r2.dev/female-assets/dress/pink_sequins_jumpsuit.jpg,apparel/fashion,yes,high,fashion keyword + category=dress
meghna_female_dress_pink_sequin_shaded_dress,Pink Sequin Shaded Dress,dress,https://pub-43484c7ec0d741cabcac4df01e98344b.r2.dev/female-assets/dress/pink_sequin_shaded_dress.jpg,apparel/fashion,yes,high,fashion keyword + category=dress
meghna_female_dress_pink_orange_shaded_sequins_dress,Pink Orange Shaded Sequins Dress,dress,https://pub-43484c7ec0d741cabcac4df01e98344b.r2.dev/female-assets/dress/pink_orange_shaded_sequins_dress.jpg,apparel/fashion,yes,high,fashion keyword + category=dress
meghna_female_dress_pink_floral_short_dress,Pink Floral Short Dress,dress,https://pub-43484c7ec0d741cabcac4df01e98344b.r2.dev/female-assets/dress/pink_floral_short_dress.jpg,apparel/fashion,yes,high,fashion keyword + category=dress
meghna_female_dress_orangegoldbutterflyminidress,Orangegoldbutterflyminidress,dress,https://pub-43484c7ec0d741cabcac4df01e98344b.r2.dev/female-assets/dress/orangegoldbutterflyminidress.jpg,apparel/fashion,yes,high,fashion keyword + category=dress
meghna_female_dress_one_shoulder_green_sequins_dress_faux_fur,One Shoulder Green Sequins Dress Faux Fur,dress,https://pub-43484c7ec0d741cabcac4df01e98344b.r2.dev/female-assets/dress/one_shoulder_green_sequins_dress_faux_fur.jpg,apparel/fashion,yes,high,fashion keyword + category=dress
meghna_female_dress_offshouldershirtdressblueandblack,Offshouldershirtdressblueandblack,dress,https://pub-43484c7ec0d741cabcac4df01e98344b.r2.dev/female-assets/dress/offshouldershirtdressblueandblack.jpg,apparel/fashion,yes,high,fashion keyword + category=dress
meghna_female_dress_offshoulderdressminiblackandgrey,Offshoulderdressminiblackandgrey,dress,https://pub-43484c7ec0d741cabcac4df01e98344b.r2.dev/female-assets/dress/offshoulderdressminiblackandgrey.jpg,apparel/fashion,yes,high,fashion keyword + category=dress
meghna_female_outerwear_navy_blazer_mini_dress,Navy Blazer Mini Dress,outerwear,https://pub-43484c7ec0d741cabcac4df01e98344b.r2.dev/female-assets/outerwear/navy_blazer_mini_dress.jpg,apparel/fashion,yes,high,fashion keyword + category=outerwear
meghna_female_dress_multicolour_boho_maxi_dress,Multicolour Boho Maxi Dress,dress,https://pub-43484c7ec0d741cabcac4df01e98344b.r2.dev/female-assets/dress/multicolour_boho_maxi_dress.jpg,apparel/fashion,yes,high,fashion keyword + category=dress
meghna_female_dress_maroonboatneck_2,Maroonboatneckmini,dress,https://pub-43484c7ec0d741cabcac4df01e98344b.r2.dev/female-assets/dress/maroonboatneckmini.jpg,apparel/fashion,yes,high,fashion keyword + category=dress
meghna_female_dress_maroonboatneckmidi,Maroonboatneckmidi,dress,https://pub-43484c7ec0d741cabcac4df01e98344b.r2.dev/female-assets/dress/maroonboatneckmidi.jpg,apparel/fashion,yes,high,fashion keyword + category=dress
meghna_female_dress_lightblueboatneckmididress,Lightblueboatneckmididress,dress,https://pub-43484c7ec0d741cabcac4df01e98344b.r2.dev/female-assets/dress/lightblueboatneckmididress.jpg,apparel/fashion,yes,high,fashion keyword + category=dress
meghna_female_dress_light_blue_denim_midi_dress,Light Blue Denim Midi Dress,dress,https://pub-43484c7ec0d741cabcac4df01e98344b.r2.dev/female-assets/dress/light_blue_denim_midi_dress.jpg,apparel/fashion,yes,high,fashion keyword + category=dress
meghna_female_dress_florallayeredgreencreamdress,Florallayeredgreencreamdress,dress,https://pub-43484c7ec0d741cabcac4df01e98344b.r2.dev/female-assets/dress/florallayeredgreencreamdress.jpg,apparel/fashion,yes,high,fashion keyword + category=dress
meghna_female_dress_floral_midi_dress,Floral Midi Dress,dress,https://pub-43484c7ec0d741cabcac4df01e98344b.r2.dev/female-assets/dress/floral_midi_dress.jpg,apparel/fashion,yes,high,fashion keyword + category=dress
meghna_female_dress_denimsweetheartneckdress,Denimsweetheartneckdress,dress,https://pub-43484c7ec0d741cabcac4df01e98344b.r2.dev/female-assets/dress/denimsweetheartneckdress.jpg,apparel/fashion,yes,high,fashion keyword + category=dress
meghna_female_dress_dark_blue_midi_dress,Dark Blue Midi Dress,dress,https://pub-43484c7ec0d741cabcac4df01e98344b.r2.dev/female-assets/dress/dark_blue_midi_dress.jpg,apparel/fashion,yes,high,fashion keyword + category=dress
meghna_female_dress_crochet_colorful_dress,Crochet Colorful Dress,dress,https://pub-43484c7ec0d741cabcac4df01e98344b.r2.dev/female-assets/dress/crochet_colorful_dress.jpg,apparel/fashion,yes,high,fashion keyword + category=dress
meghna_female_dress_cream_midi_dress,Cream Midi Dress,dress,https://pub-43484c7ec0d741cabcac4df01e98344b.r2.dev/female-assets/dress/cream_midi_dress.jpg,apparel/fashion,yes,high,fashion keyword + category=dress
meghna_female_dress_cream_knit_midi_dress_with_collar,Cream Knit Midi Dress With Collar,dress,https://pub-43484c7ec0d741cabcac4df01e98344b.r2.dev/female-assets/dress/cream_knit_midi_dress_with_collar.jpg,apparel/fashion,yes,high,fashion keyword + category=dress
meghna_female_dress_cream_column_dress,Cream Column Dress,dress,https://pub-43484c7ec0d741cabcac4df01e98344b.r2.dev/female-assets/dress/cream_column_dress.jpg,apparel/fashion,yes,high,fashion keyword + category=dress
meghna_female_dress_colared_short_dress,Colared Short Dress,dress,https://pub-43484c7ec0d741cabcac4df01e98344b.r2.dev/female-assets/dress/colared_short_dress.jpg,apparel/fashion,yes,high,fashion keyword + category=dress
meghna_female_dress_brown_short_dress,Brown Short Dress,dress,https://pub-43484c7ec0d741cabcac4df01e98344b.r2.dev/female-assets/dress/brown_short_dress.jpg,apparel/fashion,yes,high,fashion keyword + category=dress
meghna_female_dress_blueboatneckhalfsleevedress,Blueboatneckhalfsleevedress,dress,https://pub-43484c7ec0d741cabcac4df01e98344b.r2.dev/female-assets/dress/blueboatneckhalfsleevedress.jpg,apparel/fashion,yes,high,fashion keyword + category=dress
meghna_female_dress_blue_short_dress,Blue Short Dress,dress,https://pub-43484c7ec0d741cabcac4df01e98344b.r2.dev/female-assets/dress/blue_short_dress.jpg,apparel/fashion,yes,high,fashion keyword + category=dress
meghna_female_dress_blue_instripe_shirt_dress,Blue Instripe Shirt Dress,dress,https://pub-43484c7ec0d741cabcac4df01e98344b.r2.dev/female-assets/dress/blue_instripe_shirt_dress.jpg,apparel/fashion,yes,high,fashion keyword + category=dress
meghna_female_dress_blue_and_brown_stripes_crochet_dress,Blue And Brown Stripes Crochet Dress,dress,https://pub-43484c7ec0d741cabcac4df01e98344b.r2.dev/female-assets/dress/blue_and_brown_stripes_crochet_dress.jpg,apparel/fashion,yes,high,fashion keyword + category=dress
meghna_female_dress_blackboatneckmini,Blackboatneckmini,dress,https://pub-43484c7ec0d741cabcac4df01e98344b.r2.dev/female-assets/dress/blackboatneckmini.jpg,apparel/fashion,yes,high,fashion keyword + category=dress
meghna_female_dress_blackboatneckmidi,Blackboatneckmidi,dress,https://pub-43484c7ec0d741cabcac4df01e98344b.r2.dev/female-assets/dress/blackboatneckmidi.jpg,apparel/fashion,yes,high,fashion keyword + category=dress
meghna_female_dress_blackandwhiteboatneckmini,Blackandwhiteboatneckmini,dress,https://pub-43484c7ec0d741cabcac4df01e98344b.r2.dev/female-assets/dress/blackandwhiteboatneckmini.jpg,apparel/fashion,yes,high,fashion keyword + category=dress
meghna_female_dress_black_velvet_short_dress,Black Velvet Short Dress,dress,https://pub-43484c7ec0d741cabcac4df01e98344b.r2.dev/female-assets/dress/black_velvet_short_dress.jpg,apparel/fashion,yes,high,fashion keyword + category=dress
meghna_female_dress_black_minimal_midi_dress,Black Minimal Midi Dress,dress,https://pub-43484c7ec0d741cabcac4df01e98344b.r2.dev/female-assets/dress/black_minimal_midi_dress.jpg,apparel/fashion,yes,high,fashion keyword + category=dress
meghna_female_dress_black_lace_dress,Black Lace Dress,dress,https://pub-43484c7ec0d741cabcac4df01e98344b.r2.dev/female-assets/dress/black_lace_dress.jpg,apparel/fashion,yes,high,fashion keyword + category=dress
meghna_female_dress_black_and_white_polka_dot_dress,Black And White Polka Dot Dress,dress,https://pub-43484c7ec0d741cabcac4df01e98344b.r2.dev/female-assets/dress/black_and_white_polka_dot_dress.jpg,apparel/fashion,yes,high,fashion keyword + category=dress
meghna_female_dress_beaded_black_sleeveless_dress,Beaded Black Sleeveless Dress,dress,https://pub-43484c7ec0d741cabcac4df01e98344b.r2.dev/female-assets/dress/beaded_black_sleeveless_dress.jpg,apparel/fashion,yes,high,fashion keyword + category=dress
meghna_female_dress_baby_blue_midi_dress,Baby Blue Midi Dress,dress,https://pub-43484c7ec0d741cabcac4df01e98344b.r2.dev/female-assets/dress/baby_blue_midi_dress.jpg,apparel/fashion,yes,high,fashion keyword + category=dress
meghna_female_bottom_yellow_pleated_midi_skirt,Yellow Pleated Midi Skirt,bottom,https://pub-43484c7ec0d741cabcac4df01e98344b.r2.dev/female-assets/bottom/yellow_pleated_midi_skirt.jpg,apparel/fashion,yes,high,fashion keyword + category=bottom
meghna_female_bottom_white_jeans,White Jeans,bottom,https://pub-43484c7ec0d741cabcac4df01e98344b.r2.dev/female-assets/bottom/white_jeans.jpg,apparel/fashion,yes,high,fashion keyword + category=bottom
meghna_female_bottom_straight_blue_jean,Straight Blue Jean,bottom,https://pub-43484c7ec0d741cabcac4df01e98344b.r2.dev/female-assets/bottom/straight_blue_jean.jpg,apparel/fashion,yes,high,fashion keyword + category=bottom
meghna_female_bottom_red_pleated_maxi_skirt,Red Pleated Maxi Skirt,bottom,https://pub-43484c7ec0d741cabcac4df01e98344b.r2.dev/female-assets/bottom/red_pleated_maxi_skirt.jpg,apparel/fashion,yes,high,fashion keyword + category=bottom
meghna_female_accessory_red_high_waisted_belted_pants,Red High Waisted Belted Pants,accessory,https://pub-43484c7ec0d741cabcac4df01e98344b.r2.dev/female-assets/accessory/red_high_waisted_belted_pants.jpg,apparel/fashion,yes,high,fashion keyword + category=accessory
meghna_female_bottom_pink_block_print_maxi_skirt,Pink Block Print Maxi Skirt,bottom,https://pub-43484c7ec0d741cabcac4df01e98344b.r2.dev/female-assets/bottom/pink_block_print_maxi_skirt.jpg,apparel/fashion,yes,high,fashion keyword + category=bottom
meghna_female_bottom_navy_blue_jeans,Navy Blue Jeans,bottom,https://pub-43484c7ec0d741cabcac4df01e98344b.r2.dev/female-assets/bottom/navy_blue_jeans.jpg,apparel/fashion,yes,high,fashion keyword + category=bottom
meghna_female_bottom_navy_blue_high_rise_jeans,Navy Blue High Rise Jeans,bottom,https://pub-43484c7ec0d741cabcac4df01e98344b.r2.dev/female-assets/bottom/navy_blue_high_rise_jeans.jpg,apparel/fashion,yes,high,fashion keyword + category=bottom
meghna_female_bottom_navy_blue_denim_shorts_high_waisted,Navy Blue Denim Shorts High Waisted,bottom,https://pub-43484c7ec0d741cabcac4df01e98344b.r2.dev/female-assets/bottom/navy_blue_denim_shorts_high_waisted.jpg,apparel/fashion,yes,high,fashion keyword + category=bottom
meghna_female_bottom_light_blue_jeans,Light Blue Jeans,bottom,https://pub-43484c7ec0d741cabcac4df01e98344b.r2.dev/female-assets/bottom/light_blue_jeans.jpg,apparel/fashion,yes,high,fashion keyword + category=bottom
meghna_female_accessory_leather_fringe_pants,Leather Fringe Pants,accessory,https://pub-43484c7ec0d741cabcac4df01e98344b.r2.dev/female-assets/accessory/leather_fringe_pants.jpg,apparel/fashion,yes,high,fashion keyword + category=accessory
meghna_female_bottom_ecru_jean,Ecru Jean,bottom,https://pub-43484c7ec0d741cabcac4df01e98344b.r2.dev/female-assets/bottom/ecru_jean.jpg,apparel/fashion,yes,high,fashion keyword + category=bottom
meghna_female_bottom_dark_grey_jeans,Dark Grey Jeans,bottom,https://pub-43484c7ec0d741cabcac4df01e98344b.r2.dev/female-assets/bottom/dark_grey_jeans.jpg,apparel/fashion,yes,high,fashion keyword + category=bottom
meghna_female_bottom_dark_blue_jeans,Dark Blue Jeans,bottom,https://pub-43484c7ec0d741cabcac4df01e98344b.r2.dev/female-assets/bottom/dark_blue_jeans.jpg,apparel/fashion,yes,high,fashion keyword + category=bottom
meghna_female_bottom_dark_blue_denim_skirt_knee_length,Dark Blue Denim Skirt Knee Length,bottom,https://pub-43484c7ec0d741cabcac4df01e98344b.r2.dev/female-assets/bottom/dark_blue_denim_skirt_knee_length.jpg,apparel/fashion,yes,high,fashion keyword + category=bottom
meghna_female_bottom_cream_wide_leg_trouser,Cream Wide Leg Trouser,bottom,https://pub-43484c7ec0d741cabcac4df01e98344b.r2.dev/female-assets/bottom/cream_wide_leg_trouser.jpg,apparel/fashion,yes,high,fashion keyword + category=bottom
meghna_female_bottom_cream_midi_skirt_with_slit,Cream Midi Skirt With Slit,bottom,https://pub-43484c7ec0d741cabcac4df01e98344b.r2.dev/female-assets/bottom/cream_midi_skirt_with_slit.jpg,apparel/fashion,yes,high,fashion keyword + category=bottom
meghna_female_bottom_cream_cycling_shorts,Cream Cycling Shorts,bottom,https://pub-43484c7ec0d741cabcac4df01e98344b.r2.dev/female-assets/bottom/cream_cycling_shorts.jpg,apparel/fashion,yes,high,fashion keyword + category=bottom
meghna_female_bottom_charcoal_tailored_trouser,Charcoal Tailored Trouser,bottom,https://pub-43484c7ec0d741cabcac4df01e98344b.r2.dev/female-assets/bottom/charcoal_tailored_trouser.jpg,apparel/fashion,yes,high,fashion keyword + category=bottom
meghna_female_bottom_burnt_red_cycling_shorts,Burnt Red Cycling Shorts,bottom,https://pub-43484c7ec0d741cabcac4df01e98344b.r2.dev/female-assets/bottom/burnt_red_cycling_shorts.jpg,apparel/fashion,yes,high,fashion keyword + category=bottom
meghna_female_bottom_brown_skirt,Brown Skirt,bottom,https://pub-43484c7ec0d741cabcac4df01e98344b.r2.dev/female-assets/bottom/brown_skirt.jpg,apparel/fashion,yes,high,fashion keyword + category=bottom
meghna_female_bottom_brown_cycling_shorts,Brown Cycling Shorts,bottom,https://pub-43484c7ec0d741cabcac4df01e98344b.r2.dev/female-assets/bottom/brown_cycling_shorts.jpg,apparel/fashion,yes,high,fashion keyword + category=bottom
meghna_female_bottom_blue_torn_jeans,Blue Torn Jeans,bottom,https://pub-43484c7ec0d741cabcac4df01e98344b.r2.dev/female-assets/bottom/blue_torn_jeans.jpg,apparel/fashion,yes,high,fashion keyword + category=bottom
meghna_female_bottom_blue_light_jeans,Blue Light Jeans,bottom,https://pub-43484c7ec0d741cabcac4df01e98344b.r2.dev/female-assets/bottom/blue_light_jeans.jpg,apparel/fashion,yes,high,fashion keyword + category=bottom
meghna_female_bottom_blue_jeans,Blue Jeans,bottom,https://pub-43484c7ec0d741cabcac4df01e98344b.r2.dev/female-assets/bottom/blue_jeans.jpg,apparel/fashion,yes,high,fashion keyword + category=bottom
meghna_female_bottom_blue_ginghem_middi_skirt,Blue Ginghem Middi Skirt,bottom,https://pub-43484c7ec0d741cabcac4df01e98344b.r2.dev/female-assets/bottom/blue_ginghem_middi_skirt.jpg,apparel/fashion,yes,high,fashion keyword + category=bottom
meghna_female_bottom_blue_floral_maxi_skirt,Blue Floral Maxi Skirt,bottom,https://pub-43484c7ec0d741cabcac4df01e98344b.r2.dev/female-assets/bottom/blue_floral_maxi_skirt.jpg,apparel/fashion,yes,high,fashion keyword + category=bottom
meghna_female_bottom_blue_denim_maxi_skirt,Blue Denim Maxi Skirt,bottom,https://pub-43484c7ec0d741cabcac4df01e98344b.r2.dev/female-assets/bottom/blue_denim_maxi_skirt.jpg,apparel/fashion,yes,high,fashion keyword + category=bottom
meghna_female_bottom_blue_block_print_maxi_skirt,Blue Block Print Maxi Skirt,bottom,https://pub-43484c7ec0d741cabcac4df01e98344b.r2.dev/female-assets/bottom/blue_block_print_maxi_skirt.jpg,apparel/fashion,yes,high,fashion keyword + category=bottom
meghna_female_bottom_black_wide_leg_trouser,Black Wide Leg Trouser,bottom,https://pub-43484c7ec0d741cabcac4df01e98344b.r2.dev/female-assets/bottom/black_wide_leg_trouser.jpg,apparel/fashion,yes,high,fashion keyword + category=bottom
meghna_female_bottom_black_midi_skirt,Black Midi Skirt,bottom,https://pub-43484c7ec0d741cabcac4df01e98344b.r2.dev/female-assets/bottom/black_midi_skirt.jpg,apparel/fashion,yes,high,fashion keyword + category=bottom
meghna_female_accessory_black_leather_fringe_midi_skirt,Black Leather Fringe Midi Skirt,accessory,https://pub-43484c7ec0d741cabcac4df01e98344b.r2.dev/female-assets/accessory/black_leather_fringe_midi_skirt.jpg,apparel/fashion,yes,high,fashion keyword + category=accessory
meghna_female_bottom_black_jeans,Black Jeans,bottom,https://pub-43484c7ec0d741cabcac4df01e98344b.r2.dev/female-assets/bottom/black_jeans.jpg,apparel/fashion,yes,high,fashion keyword + category=bottom
meghna_female_bottom_black_and_white_polka_dot_shorts,Black And White Polka Dot Shorts,bottom,https://pub-43484c7ec0d741cabcac4df01e98344b.r2.dev/female-assets/bottom/black_and_white_polka_dot_shorts.jpg,apparel/fashion,yes,high,fashion keyword + category=bottom
meghna_female_bottom_beige_pants_high_waisted,Beige Pants High Waisted,bottom,https://pub-43484c7ec0d741cabcac4df01e98344b.r2.dev/female-assets/bottom/beige_pants_high_waisted.jpg,apparel/fashion,yes,high,fashion keyword + category=bottom
meghna_female_accessory_travel_tote_pink,Travel Tote Pink,accessory,https://pub-43484c7ec0d741cabcac4df01e98344b.r2.dev/female-assets/accessory/travel_tote_pink.jpg,apparel/fashion,yes,high,fashion keyword + category=accessory
meghna_female_accessory_tan_top_handle_shoulder_bag,Tan Top Handle Shoulder Bag,accessory,https://pub-43484c7ec0d741cabcac4df01e98344b.r2.dev/female-assets/accessory/tan_top_handle_shoulder_bag.jpg,apparel/fashion,yes,high,fashion keyword + category=accessory
meghna_female_accessory_purple_wallet,Purple Wallet,accessory,https://pub-43484c7ec0d741cabcac4df01e98344b.r2.dev/female-assets/accessory/purple_wallet.jpg,apparel/fashion,yes,high,fashion keyword + category=accessory
meghna_female_accessory_pink_wallet,Pink Wallet,accessory,https://pub-43484c7ec0d741cabcac4df01e98344b.r2.dev/female-assets/accessory/pink_wallet.jpg,apparel/fashion,yes,high,fashion keyword + category=accessory
meghna_female_accessory_olive_green_woven_handbag,Olive Green Woven Handbag,accessory,https://pub-43484c7ec0d741cabcac4df01e98344b.r2.dev/female-assets/accessory/olive_green_woven_handbag.jpg,apparel/fashion,yes,high,fashion keyword + category=accessory
meghna_female_accessory_light_brown_top_handle_bag,Light Brown Top Handle Bag,accessory,https://pub-43484c7ec0d741cabcac4df01e98344b.r2.dev/female-assets/accessory/light_brown_top_handle_bag.jpg,apparel/fashion,yes,high,fashion keyword + category=accessory
meghna_female_accessory_grey_suede_bag,Grey Suede Bag,accessory,https://pub-43484c7ec0d741cabcac4df01e98344b.r2.dev/female-assets/accessory/grey_suede_bag.jpg,apparel/fashion,yes,high,fashion keyword + category=accessory
meghna_female_accessory_green_stripes_canvas_tote,Green Stripes Canvas Tote,accessory,https://pub-43484c7ec0d741cabcac4df01e98344b.r2.dev/female-assets/accessory/green_stripes_canvas_tote.jpg,apparel/fashion,yes,high,fashion keyword + category=accessory
meghna_female_accessory_brown_wallet,Brown Wallet,accessory,https://pub-43484c7ec0d741cabcac4df01e98344b.r2.dev/female-assets/accessory/brown_wallet.jpg,apparel/fashion,yes,high,fashion keyword + category=accessory
meghna_female_accessory_brown_shoulder_bag,Brown Shoulder Bag,accessory,https://pub-43484c7ec0d741cabcac4df01e98344b.r2.dev/female-assets/accessory/brown_shoulder_bag.jpg,apparel/fashion,yes,high,fashion keyword + category=accessory
meghna_female_footwear_brown_sandals,Brown Sandals,footwear,https://pub-43484c7ec0d741cabcac4df01e98344b.r2.dev/female-assets/footwear/brown_sandals.jpg,apparel/fashion,yes,high,fashion keyword + category=footwear
meghna_female_accessory_blue_wallet,Blue Wallet,accessory,https://pub-43484c7ec0d741cabcac4df01e98344b.r2.dev/female-assets/accessory/blue_wallet.jpg,apparel/fashion,yes,high,fashion keyword + category=accessory
meghna_female_accessory_black_top_handle_bag,Black Top Handle Bag,accessory,https://pub-43484c7ec0d741cabcac4df01e98344b.r2.dev/female-assets/accessory/black_top_handle_bag.jpg,apparel/fashion,yes,high,fashion keyword + category=accessory
meghna_female_accessory_black_clutch,Black Clutch,accessory,https://pub-43484c7ec0d741cabcac4df01e98344b.r2.dev/female-assets/accessory/black_clutch.jpg,apparel/fashion,yes,high,fashion keyword + category=accessory
meghna_female_accessory_beige_shell_bag,Beige Shell Bag,accessory,https://pub-43484c7ec0d741cabcac4df01e98344b.r2.dev/female-assets/accessory/beige_shell_bag.jpg,apparel/fashion,yes,high,fashion keyword + category=accessory
hm_mens_jeans_c2ebc96841,H&M Mens Tapered Jeans 04,bottom,https://image.hm.com/assets/hm/28/62/2862674a065d1ee89ab9a0eb8465d99f43f822af.jpg?imwidth=2160,apparel/fashion,yes,high,fashion keyword + category=bottom
hm_mens_jeans_f7ecbf4cc2,H&M Mens Tapered Jeans 09,bottom,https://image.hm.com/assets/hm/ed/a7/eda7c6c301ea1bf99c82f0c6f996d3298599e69b.jpg?imwidth=2160,apparel/fashion,yes,high,fashion keyword + category=bottom
hm_mens_shorts_1f809fc5c9,H&M Mens Tailored Shorts 05,bottom,https://image.hm.com/assets/hm/b1/89/b1894f64a101ddd3234d91e4ef78b7af944b2d57.jpg?imwidth=2160,apparel/fashion,yes,high,fashion keyword + category=bottom
hm_mens_shorts_412b16e870,H&M Mens Tailored Shorts 10,bottom,https://image.hm.com/assets/hm/44/5a/445acd30374cb60dd4e38bbf0ce85f8b96562f5b.jpg?imwidth=2160,apparel/fashion,yes,high,fashion keyword + category=bottom
mens_assets_tops_whitetshirt,Mens Whitetshirt,top,https://pub-43484c7ec0d741cabcac4df01e98344b.r2.dev/mens-assets/tops/whitetshirt.jpg,apparel/fashion,yes,high,fashion keyword + category=top
mens_assets_tops_whiteshirt,Mens Whiteshirt,top,https://pub-43484c7ec0d741cabcac4df01e98344b.r2.dev/mens-assets/tops/whiteshirt.jpg,apparel/fashion,yes,high,fashion keyword + category=top
mens_assets_tops_mintgreenpoloshirt,Mens Mintgreenpoloshirt,top,https://pub-43484c7ec0d741cabcac4df01e98344b.r2.dev/mens-assets/tops/mintgreenpoloshirt.jpg,apparel/fashion,yes,high,fashion keyword + category=top
mens_assets_tops_mensolivegreenshirt,Mens Mensolivegreenshirt,top,https://pub-43484c7ec0d741cabcac4df01e98344b.r2.dev/mens-assets/tops/mensolivegreenshirt.jpg,apparel/fashion,yes,high,fashion keyword + category=top
mens_assets_tops_mensblackharlfhandsshirt,Mens Mensblackharlfhandsshirt,top,https://pub-43484c7ec0d741cabcac4df01e98344b.r2.dev/mens-assets/tops/mensblackharlfhandsshirt.jpg,apparel/fashion,yes,high,fashion keyword + category=top
mens_assets_tops_lightbluepoloshirt,Mens Lightbluepoloshirt,top,https://pub-43484c7ec0d741cabcac4df01e98344b.r2.dev/mens-assets/tops/lightbluepoloshirt.jpg,apparel/fashion,yes,high,fashion keyword + category=top
mens_assets_tops_greentshirt,Mens Greentshirt,top,https://pub-43484c7ec0d741cabcac4df01e98344b.r2.dev/mens-assets/tops/greentshirt.jpg,apparel/fashion,yes,high,fashion keyword + category=top
mens_assets_tops_creamshirt,Mens Creamshirt,top,https://pub-43484c7ec0d741cabcac4df01e98344b.r2.dev/mens-assets/tops/creamshirt.jpg,apparel/fashion,yes,high,fashion keyword + category=top
mens_assets_tops_creampoloshirt,Mens Creampoloshirt,top,https://pub-43484c7ec0d741cabcac4df01e98344b.r2.dev/mens-assets/tops/creampoloshirt.jpg,apparel/fashion,yes,high,fashion keyword + category=top
mens_assets_tops_burgendystripeshirt,Mens Burgendystripeshirt,top,https://pub-43484c7ec0d741cabcac4df01e98344b.r2.dev/mens-assets/tops/burgendystripeshirt.jpg,apparel/fashion,yes,high,fashion keyword + category=top
mens_assets_tops_bluetshirt,Mens Bluetshirt,top,https://pub-43484c7ec0d741cabcac4df01e98344b.r2.dev/mens-assets/tops/bluetshirt.jpg,apparel/fashion,yes,high,fashion keyword + category=top
mens_assets_tops_blueshirt,Mens Blueshirt,top,https://pub-43484c7ec0d741cabcac4df01e98344b.r2.dev/mens-assets/tops/blueshirt.jpg,apparel/fashion,yes,high,fashion keyword + category=top
mens_assets_tops_bluepoloshirt,Mens Bluepoloshirt,top,https://pub-43484c7ec0d741cabcac4df01e98344b.r2.dev/mens-assets/tops/bluepoloshirt.png,apparel/fashion,yes,high,fashion keyword + category=top
mens_assets_tops_bluehalfhandsshirt,Mens Bluehalfhandsshirt,top,https://pub-43484c7ec0d741cabcac4df01e98344b.r2.dev/mens-assets/tops/bluehalfhandsshirt.jpg,apparel/fashion,yes,high,fashion keyword + category=top
mens_assets_tops_blacktshirt,Mens Blacktshirt,top,https://pub-43484c7ec0d741cabcac4df01e98344b.r2.dev/mens-assets/tops/blacktshirt.jpg,apparel/fashion,yes,high,fashion keyword + category=top
mens_assets_tops_blackshirt,Mens Blackshirt,top,https://pub-43484c7ec0d741cabcac4df01e98344b.r2.dev/mens-assets/tops/blackshirt.jpg,apparel/fashion,yes,high,fashion keyword + category=top
mens_assets_outerwear_waistcoat,Mens Waistcoat,outerwear,https://pub-43484c7ec0d741cabcac4df01e98344b.r2.dev/mens-assets/outerwear/waistcoat.jpg,apparel/fashion,yes,high,fashion keyword + category=outerwear
mens_assets_outerwear_trenchcoat,Mens Trenchcoat,outerwear,https://pub-43484c7ec0d741cabcac4df01e98344b.r2.dev/mens-assets/outerwear/trenchcoat.jpg,apparel/fashion,yes,high,fashion keyword + category=outerwear
mens_assets_outerwear_scarf,Mens Scarf,outerwear,https://pub-43484c7ec0d741cabcac4df01e98344b.r2.dev/mens-assets/outerwear/scarf.jpg,apparel/fashion,yes,high,fashion keyword + category=outerwear
mens_assets_outerwear_brownletherjacket,Mens Brownletherjacket,outerwear,https://pub-43484c7ec0d741cabcac4df01e98344b.r2.dev/mens-assets/outerwear/brownletherjacket.jpg,apparel/fashion,yes,high,fashion keyword + category=outerwear
mens_assets_outerwear_blueblazer,Mens Blueblazer,outerwear,https://pub-43484c7ec0d741cabcac4df01e98344b.r2.dev/mens-assets/outerwear/blueblazer.jpg,apparel/fashion,yes,high,fashion keyword + category=outerwear
mens_assets_outerwear_blackscarf,Mens Blackscarf,outerwear,https://pub-43484c7ec0d741cabcac4df01e98344b.r2.dev/mens-assets/outerwear/blackscarf.jpg,apparel/fashion,yes,high,fashion keyword + category=outerwear
mens_assets_outerwear_blackpufferjacket,Mens Blackpufferjacket,outerwear,https://pub-43484c7ec0d741cabcac4df01e98344b.r2.dev/mens-assets/outerwear/blackpufferjacket.jpg,apparel/fashion,yes,high,fashion keyword + category=outerwear
mens_assets_outerwear_blackplaidscarf,Mens Blackplaidscarf,outerwear,https://pub-43484c7ec0d741cabcac4df01e98344b.r2.dev/mens-assets/outerwear/blackplaidscarf.jpg,apparel/fashion,yes,high,fashion keyword + category=outerwear
mens_assets_outerwear_blackleatherjacket,Mens Blackleatherjacket,outerwear,https://pub-43484c7ec0d741cabcac4df01e98344b.r2.dev/mens-assets/outerwear/blackleatherjacket.jpg,apparel/fashion,yes,high,fashion keyword + category=outerwear
mens_assets_outerwear_blackcoat,Mens Blackcoat,outerwear,https://pub-43484c7ec0d741cabcac4df01e98344b.r2.dev/mens-assets/outerwear/blackcoat.jpg,apparel/fashion,yes,high,fashion keyword + category=outerwear
mens_assets_outerwear_blackblazer,Mens Blackblazer,outerwear,https://pub-43484c7ec0d741cabcac4df01e98344b.r2.dev/mens-assets/outerwear/blackblazer.jpg,apparel/fashion,yes,high,fashion keyword + category=outerwear
mens_assets_outerwear_baseballjacket,Mens Baseballjacket,outerwear,https://pub-43484c7ec0d741cabcac4df01e98344b.r2.dev/mens-assets/outerwear/baseballjacket.jpg,apparel/fashion,yes,high,fashion keyword + category=outerwear
mens_assets_other_accessories_wovencreambelt,Mens Wovencreambelt,accessory,https://pub-43484c7ec0d741cabcac4df01e98344b.r2.dev/mens-assets/other_accessories/wovencreambelt.jpg,apparel/fashion,yes,high,fashion keyword + category=accessory
mens_assets_other_accessories_goldsunglasses,Mens Goldsunglasses,accessory,https://pub-43484c7ec0d741cabcac4df01e98344b.r2.dev/mens-assets/other_accessories/goldsunglasses.jpg,apparel/fashion,yes,high,fashion keyword + category=accessory
mens_assets_other_accessories_darkbrownbelt,Mens Darkbrownbelt,accessory,https://pub-43484c7ec0d741cabcac4df01e98344b.r2.dev/mens-assets/other_accessories/darkbrownbelt.jpg,apparel/fashion,yes,high,fashion keyword + category=accessory
mens_assets_other_accessories_bluesunglasses,Mens Bluesunglasses,accessory,https://pub-43484c7ec0d741cabcac4df01e98344b.r2.dev/mens-assets/other_accessories/bluesunglasses.jpg,apparel/fashion,yes,high,fashion keyword + category=accessory
mens_assets_other_accessories_blacksunglasses,Mens Blacksunglasses,accessory,https://pub-43484c7ec0d741cabcac4df01e98344b.r2.dev/mens-assets/other_accessories/blacksunglasses.jpg,apparel/fashion,yes,high,fashion keyword + category=accessory
mens_assets_other_accessories_blackbelt,Mens Blackbelt,accessory,https://pub-43484c7ec0d741cabcac4df01e98344b.r2.dev/mens-assets/other_accessories/blackbelt.jpg,apparel/fashion,yes,high,fashion keyword + category=accessory
mens_assets_jewellery_watchlinkgoldbracelet,Mens Watchlinkgoldbracelet,accessory,https://pub-43484c7ec0d741cabcac4df01e98344b.r2.dev/mens-assets/jewellery/watchlinkgoldbracelet.jpg,apparel/fashion,yes,high,fashion keyword + category=accessory
mens_assets_jewellery_silverbracelet,Mens Silverbracelet,accessory,https://pub-43484c7ec0d741cabcac4df01e98344b.r2.dev/mens-assets/jewellery/silverbracelet.jpg,apparel/fashion,yes,high,fashion keyword + category=accessory
mens_assets_jewellery_beadedbracelet,Mens Beadedbracelet,accessory,https://pub-43484c7ec0d741cabcac4df01e98344b.r2.dev/mens-assets/jewellery/beadedbracelet.jpg,apparel/fashion,yes,high,fashion keyword + category=accessory
mens_assets_footwear_whitesneakers,Mens Whitesneakers,footwear,https://pub-43484c7ec0d741cabcac4df01e98344b.r2.dev/mens-assets/footwear/whitesneakers.jpg,apparel/fashion,yes,high,fashion keyword + category=footwear
mens_assets_footwear_nikebluesneaker,Mens Nikebluesneaker,footwear,https://pub-43484c7ec0d741cabcac4df01e98344b.r2.dev/mens-assets/footwear/nikebluesneaker.jpg,apparel/fashion,yes,high,fashion keyword + category=footwear
mens_assets_footwear_nikeblacksneakers,Mens Nikeblacksneakers,footwear,https://pub-43484c7ec0d741cabcac4df01e98344b.r2.dev/mens-assets/footwear/nikeblacksneakers.jpg,apparel/fashion,yes,high,fashion keyword + category=footwear
mens_assets_footwear_lightbrownloafers,Mens Lightbrownloafers,footwear,https://pub-43484c7ec0d741cabcac4df01e98344b.r2.dev/mens-assets/footwear/lightbrownloafers.jpg,apparel/fashion,yes,high,fashion keyword + category=footwear
mens_assets_footwear_greyloafers,Mens Greyloafers,footwear,https://pub-43484c7ec0d741cabcac4df01e98344b.r2.dev/mens-assets/footwear/greyloafers.jpg,apparel/fashion,yes,high,fashion keyword + category=footwear
mens_assets_footwear_creamsuedeloafers,Mens Creamsuedeloafers,footwear,https://pub-43484c7ec0d741cabcac4df01e98344b.r2.dev/mens-assets/footwear/creamsuedeloafers.jpg,apparel/fashion,yes,high,fashion keyword + category=footwear
mens_assets_footwear_brownsandal,Mens Brownsandal,footwear,https://pub-43484c7ec0d741cabcac4df01e98344b.r2.dev/mens-assets/footwear/brownsandal.jpg,apparel/fashion,yes,high,fashion keyword + category=footwear
mens_assets_footwear_brownloafers,Mens Brownloafers,footwear,https://pub-43484c7ec0d741cabcac4df01e98344b.r2.dev/mens-assets/footwear/brownloafers.jpg,apparel/fashion,yes,high,fashion keyword + category=footwear
mens_assets_footwear_blacksuedeloafers,Mens Blacksuedeloafers,footwear,https://pub-43484c7ec0d741cabcac4df01e98344b.r2.dev/mens-assets/footwear/blacksuedeloafers.jpg,apparel/fashion,yes,high,fashion keyword + category=footwear
mens_assets_footwear_blacksneakers,Mens Blacksneakers,footwear,https://pub-43484c7ec0d741cabcac4df01e98344b.r2.dev/mens-assets/footwear/blacksneakers.jpg,apparel/fashion,yes,high,fashion keyword + category=footwear
mens_assets_footwear_blacksandals,Mens Blacksandals,footwear,https://pub-43484c7ec0d741cabcac4df01e98344b.r2.dev/mens-assets/footwear/blacksandals.jpg,apparel/fashion,yes,high,fashion keyword + category=footwear
mens_assets_footwear_blacksandalcasual,Mens Blacksandalcasual,footwear,https://pub-43484c7ec0d741cabcac4df01e98344b.r2.dev/mens-assets/footwear/blacksandalcasual.jpg,apparel/fashion,yes,high,fashion keyword + category=footwear
mens_assets_footwear_blackloafers,Mens Blackloafers,footwear,https://pub-43484c7ec0d741cabcac4df01e98344b.r2.dev/mens-assets/footwear/blackloafers.jpg,apparel/fashion,yes,high,fashion keyword + category=footwear
mens_assets_footwear_birkinstocksandal,Mens Birkinstocksandal,footwear,https://pub-43484c7ec0d741cabcac4df01e98344b.r2.dev/mens-assets/footwear/birkinstocksandal.jpg,apparel/fashion,yes,high,fashion keyword + category=footwear
mens_assets_festive_sets_yellowkurtaset,Mens Yellowkurtaset,ethnic,https://pub-43484c7ec0d741cabcac4df01e98344b.r2.dev/mens-assets/festive_sets/yellowkurtaset.jpg,apparel/fashion,yes,high,fashion keyword + category=ethnic
mens_assets_festive_sets_redkurtaset,Mens Redkurtaset,ethnic,https://pub-43484c7ec0d741cabcac4df01e98344b.r2.dev/mens-assets/festive_sets/redkurtaset.jpg,apparel/fashion,yes,high,fashion keyword + category=ethnic
mens_assets_festive_sets_khakikurta,Mens Khakikurta,ethnic,https://pub-43484c7ec0d741cabcac4df01e98344b.r2.dev/mens-assets/festive_sets/khakikurta.jpg,apparel/fashion,yes,high,fashion keyword + category=ethnic
mens_assets_festive_sets_greenkurtaset,Mens Greenkurtaset,ethnic,https://pub-43484c7ec0d741cabcac4df01e98344b.r2.dev/mens-assets/festive_sets/greenkurtaset.jpg,apparel/fashion,yes,high,fashion keyword + category=ethnic
mens_assets_festive_sets_bluekurtaset,Mens Bluekurtaset,ethnic,https://pub-43484c7ec0d741cabcac4df01e98344b.r2.dev/mens-assets/festive_sets/bluekurtaset.jpg,apparel/fashion,yes,high,fashion keyword + category=ethnic
mens_assets_festive_sets_bluekurta1,Mens Bluekurta1,ethnic,https://pub-43484c7ec0d741cabcac4df01e98344b.r2.dev/mens-assets/festive_sets/bluekurta1.jpg,apparel/fashion,yes,high,fashion keyword + category=ethnic
mens_assets_festive_sets_bluekurta,Mens Bluekurta,ethnic,https://pub-43484c7ec0d741cabcac4df01e98344b.r2.dev/mens-assets/festive_sets/bluekurta.jpg,apparel/fashion,yes,high,fashion keyword + category=ethnic
mens_assets_bottoms_whitepant,Mens Whitepant,bottom,https://pub-43484c7ec0d741cabcac4df01e98344b.r2.dev/mens-assets/bottoms/whitepant.jpg,apparel/fashion,yes,high,fashion keyword + category=bottom
mens_assets_bottoms_terrygreyshorts,Mens Terrygreyshorts,bottom,https://pub-43484c7ec0d741cabcac4df01e98344b.r2.dev/mens-assets/bottoms/terrygreyshorts.jpg,apparel/fashion,yes,high,fashion keyword + category=bottom
mens_assets_bottoms_terryblackshorts,Mens Terryblackshorts,bottom,https://pub-43484c7ec0d741cabcac4df01e98344b.r2.dev/mens-assets/bottoms/terryblackshorts.jpg,apparel/fashion,yes,high,fashion keyword + category=bottom
mens_assets_bottoms_navybluetrouser,Mens Navybluetrouser,bottom,https://pub-43484c7ec0d741cabcac4df01e98344b.r2.dev/mens-assets/bottoms/navybluetrouser.jpg,apparel/fashion,yes,high,fashion keyword + category=bottom
mens_assets_bottoms_lightgreytrouser,Mens Lightgreytrouser,bottom,https://pub-43484c7ec0d741cabcac4df01e98344b.r2.dev/mens-assets/bottoms/lightgreytrouser.jpg,apparel/fashion,yes,high,fashion keyword + category=bottom
mens_assets_bottoms_lightbluejeans,Mens Lightbluejeans,bottom,https://pub-43484c7ec0d741cabcac4df01e98344b.r2.dev/mens-assets/bottoms/lightbluejeans.jpg,apparel/fashion,yes,high,fashion keyword + category=bottom
mens_assets_bottoms_greytrouser,Mens Greytrouser,bottom,https://pub-43484c7ec0d741cabcac4df01e98344b.r2.dev/mens-assets/bottoms/greytrouser.jpg,apparel/fashion,yes,high,fashion keyword + category=bottom
mens_assets_bottoms_greycargopants,Mens Greycargopants,bottom,https://pub-43484c7ec0d741cabcac4df01e98344b.r2.dev/mens-assets/bottoms/greycargopants.jpg,apparel/fashion,yes,high,fashion keyword + category=bottom
mens_assets_bottoms_greencargopants,Mens Greencargopants,bottom,https://pub-43484c7ec0d741cabcac4df01e98344b.r2.dev/mens-assets/bottoms/greencargopants.jpg,apparel/fashion,yes,high,fashion keyword + category=bottom
mens_assets_bottoms_creamshorts,Mens Creamshorts,bottom,https://pub-43484c7ec0d741cabcac4df01e98344b.r2.dev/mens-assets/bottoms/creamshorts.jpg,apparel/fashion,yes,high,fashion keyword + category=bottom
mens_assets_bottoms_creamcargoshorts,Mens Creamcargoshorts,bottom,https://pub-43484c7ec0d741cabcac4df01e98344b.r2.dev/mens-assets/bottoms/creamcargoshorts.jpg,apparel/fashion,yes,high,fashion keyword + category=bottom
mens_assets_bottoms_brwonjeans,Mens Brwonjeans,bottom,https://pub-43484c7ec0d741cabcac4df01e98344b.r2.dev/mens-assets/bottoms/brwonjeans.jpg,apparel/fashion,yes,high,fashion keyword + category=bottom
mens_assets_bottoms_browncargopants,Mens Browncargopants,bottom,https://pub-43484c7ec0d741cabcac4df01e98344b.r2.dev/mens-assets/bottoms/browncargopants.jpg,apparel/fashion,yes,high,fashion keyword + category=bottom
mens_assets_bottoms_blueswimshorts,Mens Blueswimshorts,bottom,https://pub-43484c7ec0d741cabcac4df01e98344b.r2.dev/mens-assets/bottoms/blueswimshorts.jpg,apparel/fashion,yes,high,fashion keyword + category=bottom
mens_assets_bottoms_blueshorts,Mens Blueshorts,bottom,https://pub-43484c7ec0d741cabcac4df01e98344b.r2.dev/mens-assets/bottoms/blueshorts.jpg,apparel/fashion,yes,high,fashion keyword + category=bottom
mens_assets_bottoms_bluejeans,Mens Bluejeans,bottom,https://pub-43484c7ec0d741cabcac4df01e98344b.r2.dev/mens-assets/bottoms/bluejeans.jpg,apparel/fashion,yes,high,fashion keyword + category=bottom
mens_assets_bottoms_blackshorts,Mens Blackshorts,bottom,https://pub-43484c7ec0d741cabcac4df01e98344b.r2.dev/mens-assets/bottoms/blackshorts.jpg,apparel/fashion,yes,high,fashion keyword + category=bottom
mens_assets_bottoms_blackpant,Mens Blackpant,bottom,https://pub-43484c7ec0d741cabcac4df01e98344b.r2.dev/mens-assets/bottoms/blackpant.jpg,apparel/fashion,yes,high,fashion keyword + category=bottom
mens_assets_bottoms_blackgymshorts,Mens Blackgymshorts,bottom,https://pub-43484c7ec0d741cabcac4df01e98344b.r2.dev/mens-assets/bottoms/blackgymshorts.jpg,apparel/fashion,yes,high,fashion keyword + category=bottom
mens_assets_bottoms_armycargopants,Mens Armycargopants,bottom,https://pub-43484c7ec0d741cabcac4df01e98344b.r2.dev/mens-assets/bottoms/armycargopants.jpg,apparel/fashion,yes,high,fashion keyword + category=bottom
mens_assets_bags_menswallet,Mens Menswallet,accessory,https://pub-43484c7ec0d741cabcac4df01e98344b.r2.dev/mens-assets/bags/menswallet.jpg,apparel/fashion,yes,high,fashion keyword + category=accessory
mens_assets_bags_laptopbag,Mens Laptopbag,accessory,https://pub-43484c7ec0d741cabcac4df01e98344b.r2.dev/mens-assets/bags/laptopbag.jpg,apparel/fashion,yes,high,fashion keyword + category=accessory
mens_assets_bags_greymessengerbag,Mens Greymessengerbag,accessory,https://pub-43484c7ec0d741cabcac4df01e98344b.r2.dev/mens-assets/bags/greymessengerbag.jpg,apparel/fashion,yes,high,fashion keyword + category=accessory
mens_assets_bags_blackdufflebag,Mens Blackdufflebag,accessory,https://pub-43484c7ec0d741cabcac4df01e98344b.r2.dev/mens-assets/bags/blackdufflebag.jpg,apparel/fashion,yes,high,fashion keyword + category=accessory
test_asset,Test Asset,top,https://example.com/test.jpg,apparel/fashion,yes,high,fashion keyword + category=top
hm_mens_belt_cb45e3c87f,H&M Mens Leather Belt 06,accessory,https://image.hm.com/assets/hm/8e/73/8e736bf753e0ec4de0a706ffe3394487d2748784.jpg?imwidth=2160,apparel/fashion,yes,high,fashion keyword + category=accessory
hm_mens_belt_eefc689ab3,H&M Mens Leather Belt 05,accessory,https://image.hm.com/assets/hm/03/f3/03f31198872555fcb1cc2ec9d959bacc3c55455a.jpg?imwidth=2160,apparel/fashion,yes,high,fashion keyword + category=accessory
hm_mens_belt_7adfecea70,H&M Mens Leather Belt 04,accessory,https://image.hm.com/assets/hm/16/a3/16a39691c46b5a740a2a272ec53c5ef3887b552e.jpg?imwidth=2160,apparel/fashion,yes,high,fashion keyword + category=accessory
hm_mens_belt_7ce9e46236,H&M Mens Leather Belt 03,accessory,https://image.hm.com/assets/hm/be/bc/bebc34f1570c83b6e7c3dc3ee22d134d3fdbe063.jpg?imwidth=2160,apparel/fashion,yes,high,fashion keyword + category=accessory
hm_mens_belt_ec99e08bc9,H&M Mens Leather Belt 02,accessory,https://image.hm.com/assets/hm/f7/f7/f7f73cdfbdd7c4758383b1ab8d13915010da802b.jpg?imwidth=2160,apparel/fashion,yes,high,fashion keyword + category=accessory
hm_mens_belt_af596d4e0a,H&M Mens Leather Belt 01,accessory,https://image.hm.com/assets/hm/42/b4/42b4169558ccd0835513c5f6875418953b62724e.jpg?imwidth=2160,apparel/fashion,yes,high,fashion keyword + category=accessory
hm_mens_sunglasses_03ceffef77,H&M Mens Sunglasses 08,accessory,https://image.hm.com/assets/hm/5c/ba/5cba6f665ae6ccf01a2045f5064443e70d59006c.jpg?imwidth=2160,apparel/fashion,yes,high,fashion keyword + category=accessory
hm_mens_sunglasses_382429e0c2,H&M Mens Sunglasses 07,accessory,https://image.hm.com/assets/hm/ce/c7/cec706172719a3c81c577fe41c1c9c205d962ca0.jpg?imwidth=2160,apparel/fashion,yes,high,fashion keyword + category=accessory
hm_mens_sunglasses_88e2f41acf,H&M Mens Sunglasses 06,accessory,https://image.hm.com/assets/hm/97/86/9786a7057a389c78e4190af840e263c54b7f37e9.jpg?imwidth=2160,apparel/fashion,yes,high,fashion keyword + category=accessory
hm_mens_sunglasses_e85aa89e0f,H&M Mens Sunglasses 05,accessory,https://image.hm.com/assets/hm/cc/06/cc06a265e6ee89897c59ddaedc471ada6533d4ac.jpg?imwidth=2160,apparel/fashion,yes,high,fashion keyword + category=accessory
hm_mens_sunglasses_8633ae9d45,H&M Mens Sunglasses 04,accessory,https://image.hm.com/assets/hm/78/6b/786b0530e4e82e2a1802a67f11d4e2f59aea67c3.jpg?imwidth=2160,apparel/fashion,yes,high,fashion keyword + category=accessory
hm_mens_sunglasses_44390b4919,H&M Mens Sunglasses 03,accessory,https://image.hm.com/assets/hm/20/a5/20a5e23b50ae5657f7c28e15fa53e96e08563ed7.jpg?imwidth=2160,apparel/fashion,yes,high,fashion keyword + category=accessory
hm_mens_sunglasses_224034a705,H&M Mens Sunglasses 02,accessory,https://image.hm.com/assets/hm/d5/1f/d51f6d92586c8b6aca162184f99f13113194b2d2.jpg?imwidth=2160,apparel/fashion,yes,high,fashion keyword + category=accessory
hm_mens_sunglasses_ee026ca38f,H&M Mens Sunglasses 01,accessory,https://image.hm.com/assets/hm/01/8b/018b3de0cb4826903e94a3de50c5c0934fdd13fe.jpg?imwidth=2160,apparel/fashion,yes,high,fashion keyword + category=accessory
hm_mens_necklace_a6604b6d9c,H&M Mens Necklace 08,accessory,https://image.hm.com/assets/hm/af/76/af766e84d6f77c3170c5622dd7d6a99199e2fd33.jpg?imwidth=2160,apparel/fashion,yes,high,fashion keyword + category=accessory
hm_mens_necklace_b56e65d24d,H&M Mens Necklace 07,accessory,https://image.hm.com/assets/hm/26/74/267455df7b5a909dc0621628118bfe3302d2858e.jpg?imwidth=2160,apparel/fashion,yes,high,fashion keyword + category=accessory
hm_mens_necklace_8d53f5ce2a,H&M Mens Necklace 06,accessory,https://image.hm.com/assets/hm/5c/c9/5cc91811f3aa21da0249cfe0c8f7a0d2f18a2c33.jpg?imwidth=2160,apparel/fashion,yes,high,fashion keyword + category=accessory
hm_mens_necklace_741b0af9ad,H&M Mens Necklace 05,accessory,https://image.hm.com/assets/hm/af/12/af120cc96dffd46a31ce3f400ad0ebcca6fa9ac3.jpg?imwidth=2160,apparel/fashion,yes,high,fashion keyword + category=accessory
hm_mens_necklace_807c617755,H&M Mens Necklace 04,accessory,https://image.hm.com/assets/hm/a7/9a/a79aa1b9e44072f243cb4ab856801ffd7a1837e8.jpg?imwidth=2160,apparel/fashion,yes,high,fashion keyword + category=accessory
hm_mens_necklace_f7dc290b92,H&M Mens Necklace 03,accessory,https://image.hm.com/assets/hm/bd/98/bd9856cebcf0744cedb835b63cd0e7aeeb82c44e.jpg?imwidth=2160,apparel/fashion,yes,high,fashion keyword + category=accessory
hm_mens_necklace_849dae51c7,H&M Mens Necklace 02,accessory,https://image.hm.com/assets/hm/b2/7e/b27ee0ad01a0d18a339d728a8a407e8629d4b39b.jpg?imwidth=2160,apparel/fashion,yes,high,fashion keyword + category=accessory
hm_mens_necklace_7bb21b4f03,H&M Mens Necklace 01,accessory,https://image.hm.com/assets/hm/b0/a1/b0a16e3d1ed5369ab1c7da751583a683fb55982e.jpg?imwidth=2160,apparel/fashion,yes,high,fashion keyword + category=accessory
hm_mens_bracelet_93fa2c883b,H&M Mens Bracelet 06,accessory,https://image.hm.com/assets/hm/2a/59/2a59734e5f2c530df5a5ac7c05393e90d552c7d9.jpg?imwidth=2160,apparel/fashion,yes,high,fashion keyword + category=accessory
hm_mens_bracelet_e88929269b,H&M Mens Bracelet 05,accessory,https://image.hm.com/assets/hm/85/7e/857e8fccee0014050ca90c6f15f981fd8a2fc370.jpg?imwidth=2160,apparel/fashion,yes,high,fashion keyword + category=accessory
hm_mens_bracelet_0bbf0cc60e,H&M Mens Bracelet 04,accessory,https://image.hm.com/assets/hm/44/65/4465b131ed14bc4ee1643e20a531af388f61f5df.jpg?imwidth=2160,apparel/fashion,yes,high,fashion keyword + category=accessory
hm_mens_bracelet_9f6bd67a2c,H&M Mens Bracelet 03,accessory,https://image.hm.com/assets/hm/79/55/795536cad01c16a2f1d5b9696fa24534ced55b11.jpg?imwidth=2160,apparel/fashion,yes,high,fashion keyword + category=accessory
hm_mens_bracelet_b9ed3986d6,H&M Mens Bracelet 02,accessory,https://image.hm.com/assets/hm/e9/92/e992bfc5717fbf6e0c7fabeb17825da24fb64b86.jpg?imwidth=2160,apparel/fashion,yes,high,fashion keyword + category=accessory
hm_mens_bracelet_618af0db9f,H&M Mens Bracelet 01,accessory,https://image.hm.com/assets/hm/36/e5/36e5854c5d35912a03a4db993ab49ae1b22b7b66.jpg?imwidth=2160,apparel/fashion,yes,high,fashion keyword + category=accessory
hm_mens_shoes_992c4ab465,H&M Mens Suede Boots 10,footwear,https://image.hm.com/assets/hm/ad/bc/adbc199bc8d552d36a4165754990cd184364b074.jpg?imwidth=2160,apparel/fashion,yes,high,fashion keyword + category=footwear
hm_mens_shoes_791fd95699,H&M Mens Slip-On Sneakers 09,footwear,https://image.hm.com/assets/hm/9e/92/9e924cd75dccb195ce31ae6255e79008a75d33fb.jpg?imwidth=2160,apparel/fashion,yes,high,fashion keyword + category=footwear
hm_mens_shoes_efe358d220,H&M Mens Lace-Up Boots 08,footwear,https://image.hm.com/assets/hm/a2/36/a236fe051af7aa795dfae317b9534ef5c21b9f9b.jpg?imwidth=2160,apparel/fashion,yes,high,fashion keyword + category=footwear
hm_mens_shoes_e489e2f69a,H&M Mens Casual Loafers 07,footwear,https://image.hm.com/assets/hm/e3/0c/e30c2aeb4b39f879d8c2a5a852ddbbbaa9b59b4b.jpg?imwidth=2160,apparel/fashion,yes,high,fashion keyword + category=footwear
hm_mens_shoes_72fa933d73,H&M Mens Clean Sneakers 06,footwear,https://image.hm.com/assets/hm/fc/f7/fcf716b8c876eda6855304c7a28262f0946f43c0.jpg?imwidth=2160,apparel/fashion,yes,high,fashion keyword + category=footwear
hm_mens_shoes_684ecc9453,H&M Mens Suede Boots 05,footwear,https://image.hm.com/assets/hm/e1/63/e163cde4909fcc7bc2fa56c3e95654068150cbba.jpg?imwidth=2160,apparel/fashion,yes,high,fashion keyword + category=footwear
hm_mens_shoes_92571b53c3,H&M Mens Slip-On Sneakers 04,footwear,https://image.hm.com/assets/hm/69/36/69362c8b4a0043d1d6675c5a0c47799d7a84920d.jpg?imwidth=2160,apparel/fashion,yes,high,fashion keyword + category=footwear
hm_mens_shoes_54894bae24,H&M Mens Lace-Up Boots 03,footwear,https://image.hm.com/assets/hm/7a/5d/7a5daa89197f672226b9340380c0ae997adfe057.jpg?imwidth=2160,apparel/fashion,yes,high,fashion keyword + category=footwear
hm_mens_shoes_25b7e81968,H&M Mens Casual Loafers 02,footwear,https://image.hm.com/assets/hm/ad/8f/ad8f4d082b596fa866f7578000bac3f4ca64f7e4.jpg?imwidth=2160,apparel/fashion,yes,high,fashion keyword + category=footwear
hm_mens_shoes_0145395ed2,H&M Mens Clean Sneakers 01,footwear,https://image.hm.com/assets/hm/80/20/802021aac07fa1e2bf02bb593097a2ba1061ecd4.jpg?imwidth=2160,apparel/fashion,yes,high,fashion keyword + category=footwear
hm_mens_hoodie_sweatshirt_b4c93e2e32,H&M Mens Pullover Sweatshirt 09,top,https://image.hm.com/assets/hm/cd/2e/cd2e89e4c783c3fc093e00c13cdd7fb158efb279.jpg?imwidth=2160,apparel/fashion,yes,high,fashion keyword + category=top
hm_mens_hoodie_sweatshirt_068ca836ab,H&M Mens Zip Hoodie 08,top,https://image.hm.com/assets/hm/bf/50/bf507ca3b752e753a8d731e031debddb5b34d59f.jpg?imwidth=2160,apparel/fashion,yes,high,fashion keyword + category=top
hm_mens_hoodie_sweatshirt_85397d4e88,H&M Mens Crew Sweatshirt 07,top,https://image.hm.com/assets/hm/9a/39/9a397e6f5ce44abffc245b96091ca5c157d8972f.jpg?imwidth=2160,apparel/fashion,yes,high,fashion keyword + category=top
hm_mens_hoodie_sweatshirt_1a8c0caafa,H&M Mens Essential Hoodie 06,top,https://image.hm.com/assets/hm/df/e5/dfe513f8342fd18c02fac10c8283249c1d33c08c.jpg?imwidth=2160,apparel/fashion,yes,high,fashion keyword + category=top
hm_mens_hoodie_sweatshirt_9e4a6a1b81,H&M Mens Oversized Hoodie 05,top,https://image.hm.com/assets/hm/ef/a8/efa8690dd3aba51831f08ef3b81fbd278f441379.jpg?imwidth=2160,apparel/fashion,yes,high,fashion keyword + category=top
hm_mens_hoodie_sweatshirt_b28f7a8d6b,H&M Mens Zip Hoodie 03,top,https://image.hm.com/assets/hm/15/4f/154fc8cea8d1781a1700bcbd90ef1dbe506e4831.jpg?imwidth=2160,apparel/fashion,yes,high,fashion keyword + category=top
hm_mens_jacket_9a82707289,H&M Mens Bomber Jacket 08,outerwear,https://image.hm.com/assets/hm/58/08/58081aa3fef585efb4959a7a852322b8bd101a7d.jpg?imwidth=2160,apparel/fashion,yes,high,fashion keyword + category=outerwear
hm_mens_jacket_0a76fdcb45,H&M Mens Utility Jacket 07,outerwear,https://image.hm.com/assets/hm/b8/7a/b87a33cd7ed8a260f13d14c1e6b0c4fae5b26e1d.jpg?imwidth=2160,apparel/fashion,yes,high,fashion keyword + category=outerwear
hm_mens_jacket_1340cdbe76,H&M Mens Denim Jacket 05,outerwear,https://image.hm.com/assets/hm/49/90/4990186b2306f01e07ebf39ddb26b4c4f7d0fee3.jpg?imwidth=2160,apparel/fashion,yes,high,fashion keyword + category=outerwear
hm_mens_jacket_b8026b1fb4,H&M Mens Overshirt 04,outerwear,https://image.hm.com/assets/hm/67/68/67681396140f8f837a47545abcc896e798db0e0b.jpg?imwidth=2160,apparel/fashion,yes,high,fashion keyword + category=outerwear
hm_mens_jacket_2691ea0804,H&M Mens Bomber Jacket 03,outerwear,https://image.hm.com/assets/hm/91/fd/91fd307e8fe6e77d80097dc9d56a47bc9d409561.jpg?imwidth=2160,apparel/fashion,yes,high,fashion keyword + category=outerwear
hm_mens_jacket_1605c6500f,H&M Mens Utility Jacket 02,outerwear,https://image.hm.com/assets/hm/75/96/75963dea30105cccf2a93165ce431f0139d3371e.jpg?imwidth=2160,apparel/fashion,yes,high,fashion keyword + category=outerwear
hm_mens_jacket_05ceb4c17b,H&M Mens Lightweight Jacket 01,outerwear,https://image.hm.com/assets/hm/1a/de/1ade9eeb7f38900bd39b52411a9701c1b7870306.jpg?imwidth=2160,apparel/fashion,yes,high,fashion keyword + category=outerwear
hm_mens_shorts_e39fb90f95,H&M Mens Drawstring Shorts 09,bottom,https://image.hm.com/assets/hm/45/6c/456ca7bda3c1d9b6e8bf30ede5e6dffb88cd7cd0.jpg?imwidth=2160,apparel/fashion,yes,high,fashion keyword + category=bottom
hm_mens_shorts_0c0ba25252,H&M Mens Cargo Shorts 07,bottom,https://image.hm.com/assets/hm/72/ef/72ef027354c9a398d422f3297fd9cc47f0c298d2.jpg?imwidth=2160,apparel/fashion,yes,high,fashion keyword + category=bottom
hm_mens_shorts_3cd5d4b9f5,H&M Mens Linen Shorts 06,bottom,https://image.hm.com/assets/hm/b6/65/b66527c777ddbe9896638d17fec0d58de4306c77.jpg?imwidth=2160,apparel/fashion,yes,high,fashion keyword + category=bottom
hm_mens_shorts_07cbdb673e,H&M Mens Drawstring Shorts 04,bottom,https://image.hm.com/assets/hm/2d/e1/2de194cfcf07f2ebc834609330554eaf89052eb6.jpg?imwidth=2160,apparel/fashion,yes,high,fashion keyword + category=bottom
hm_mens_shorts_573ce60e90,H&M Mens Chino Shorts 03,bottom,https://image.hm.com/assets/hm/03/b8/03b8152ad1d267739e8d68433f69e3261a1760f9.jpg?imwidth=2160,apparel/fashion,yes,high,fashion keyword + category=bottom
hm_mens_shorts_0002cdb7fa,H&M Mens Cargo Shorts 02,bottom,https://image.hm.com/assets/hm/2e/99/2e99620d474c0758e25bcd5c225f5ba338197412.jpg?imwidth=2160,apparel/fashion,yes,high,fashion keyword + category=bottom
hm_mens_jeans_ba74a6e262,H&M Mens Light Wash Jeans 10,bottom,https://image.hm.com/assets/hm/a2/28/a228951b1d17dde551a968c8f19c06c866094367.jpg?imwidth=2160,apparel/fashion,yes,high,fashion keyword + category=bottom
hm_mens_jeans_19b8fbf6b0,H&M Mens Straight Jeans 07,bottom,https://image.hm.com/assets/hm/83/65/8365741047a1ab9214a8880cbd71b2e8141c201c.jpg?imwidth=2160,apparel/fashion,yes,high,fashion keyword + category=bottom
hm_mens_jeans_63acd15b01,H&M Mens Light Wash Jeans 05,bottom,https://image.hm.com/assets/hm/68/83/688313bbeeda87e0866875ac226c6309eb682b22.jpg?imwidth=2160,apparel/fashion,yes,high,fashion keyword + category=bottom
hm_mens_jeans_4ab6550018,H&M Mens Straight Jeans 02,bottom,https://image.hm.com/assets/hm/2c/b0/2cb0c457ce64b8a0774dddd529c1311bc70aa2ac.jpg?imwidth=2160,apparel/fashion,yes,high,fashion keyword + category=bottom
hm_mens_shirt_4c9809cf19,H&M Mens Relaxed Shirt 12,top,https://image.hm.com/assets/hm/bb/26/bb26a4e1f12bcc6376c611beab6b906955a4a8a1.jpg?imwidth=2160,apparel/fashion,yes,high,fashion keyword + category=top
hm_mens_shirt_08f08c9cc3,H&M Mens Oxford Shirt 11,top,https://image.hm.com/assets/hm/43/97/439704bda7ba663857efcbe5b2c1f4a3c8e44153.jpg?imwidth=2160,apparel/fashion,yes,high,fashion keyword + category=top
hm_mens_shirt_d24b6998eb,H&M Mens Poplin Shirt 10,top,https://image.hm.com/assets/hm/18/0d/180df06b890cf6181dddc7d68a2084d4f79e704d.jpg?imwidth=2160,apparel/fashion,yes,high,fashion keyword + category=top
hm_mens_shirt_2e3963dcdd,H&M Mens Linen Shirt 09,top,https://image.hm.com/assets/hm/48/cc/48ccb52754a775653d6437e297cb0019bf5b3767.jpg?imwidth=2160,apparel/fashion,yes,high,fashion keyword + category=top
hm_mens_shirt_323d6b934e,H&M Mens Casual Shirt 08,top,https://image.hm.com/assets/hm/a3/bc/a3bc91052e3b4b3a193a7996175a2632d197ffe2.jpg?imwidth=2160,apparel/fashion,yes,high,fashion keyword + category=top
hm_mens_shirt_f5c5337c41,H&M Mens Relaxed Shirt 07,top,https://image.hm.com/assets/hm/b9/ae/b9ae09745da241ecca9ea3428c3459a32bd67943.jpg?imwidth=2160,apparel/fashion,yes,high,fashion keyword + category=top
hm_mens_shirt_7778ddd252,H&M Mens Oxford Shirt 06,top,https://image.hm.com/assets/hm/ff/5b/ff5b2b09c092d1df5c91943f3ce98a5fe1b158e3.jpg?imwidth=2160,apparel/fashion,yes,high,fashion keyword + category=top
hm_mens_shirt_1e0c52d10b,H&M Mens Poplin Shirt 05,top,https://image.hm.com/assets/hm/c6/f0/c6f0bdfac877c29e912b1b47e61cc24c9247661c.jpg?imwidth=2160,apparel/fashion,yes,high,fashion keyword + category=top
hm_mens_shirt_b4e8237be4,H&M Mens Linen Shirt 04,top,https://image.hm.com/assets/hm/6f/31/6f31e9a37f649635db75c253fa65b152f88a7c32.jpg?imwidth=2160,apparel/fashion,yes,high,fashion keyword + category=top
hm_mens_shirt_a012febfa4,H&M Mens Casual Shirt 03,top,https://image.hm.com/assets/hm/59/53/59535f019024c5abe0f1e4260fe6737786f2ee61.jpg?imwidth=2160,apparel/fashion,yes,high,fashion keyword + category=top
hm_mens_shirt_b4dfba8f21,H&M Mens Relaxed Shirt 02,top,https://image.hm.com/assets/hm/10/04/1004c3378e99c5101ec7543bf2a42729e4ec0071.jpg?imwidth=2160,apparel/fashion,yes,high,fashion keyword + category=top
hm_mens_shirt_78e1c6836a,H&M Mens Oxford Shirt 01,top,https://image.hm.com/assets/hm/b1/a1/b1a168578c0031696cfd9cf22c945eda0dcdf851.jpg?imwidth=2160,apparel/fashion,yes,high,fashion keyword + category=top
hm_mens_t_shirt_099cb3c78c,H&M Mens Slim Fit T-Shirt 10,top,https://image.hm.com/assets/hm/63/60/6360969e09fbb606bacd6c9378e0d1cd1c231406.jpg?imwidth=2160,apparel/fashion,yes,high,fashion keyword + category=top
hm_mens_t_shirt_d7d04de614,H&M Mens Pocket T-Shirt 09,top,https://image.hm.com/assets/hm/36/91/369157f78ea0a36638ea42481d0723e9ca7cea58.jpg?imwidth=2160,apparel/fashion,yes,high,fashion keyword + category=top
hm_mens_t_shirt_59cf222a29,H&M Mens Relaxed T-Shirt 08,top,https://image.hm.com/assets/hm/ad/83/ad83b6d69d91958390c86339b8b6aace4d8683d9.jpg?imwidth=2160,apparel/fashion,yes,high,fashion keyword + category=top
hm_mens_t_shirt_1de2423bdb,H&M Mens Essential T-Shirt 06,top,https://image.hm.com/assets/hm/28/0b/280bbb575e798f4cc841d7fabf9b42510032dc54.jpg?imwidth=2160,apparel/fashion,yes,high,fashion keyword + category=top
hm_mens_t_shirt_8f084e26e5,H&M Mens Slim Fit T-Shirt 05,top,https://image.hm.com/assets/hm/e1/23/e12388725a613b3ed99704657cc2e9d169a29254.jpg?imwidth=2160,apparel/fashion,yes,high,fashion keyword + category=top
hm_mens_t_shirt_98bd01d97f,H&M Mens Pocket T-Shirt 04,top,https://image.hm.com/assets/hm/33/21/3321a6092a11d2ddb53366693a3c9cfbf6da5828.jpg?imwidth=2160,apparel/fashion,yes,high,fashion keyword + category=top
hm_mens_t_shirt_97bf61b8ba,H&M Mens Relaxed T-Shirt 03,top,https://image.hm.com/assets/hm/3b/33/3b3329bd93eac50bd9aee73b11ba5d9f6d2d6d8a.jpg?imwidth=2160,apparel/fashion,yes,high,fashion keyword + category=top
hm_mens_t_shirt_2af82d8ff6,H&M Mens Crew T-Shirt 02,top,https://image.hm.com/assets/hm/d6/f1/d6f1a99748dfcb5e32f11432712ad182d9a8f65b.jpg?imwidth=2160,apparel/fashion,yes,high,fashion keyword + category=top
hm_mens_t_shirt_e5be53d1c4,H&M Mens Essential T-Shirt 01,top,https://image.hm.com/assets/hm/cb/31/cb310db642518f58a358028107e5d38be82dee7e.jpg?imwidth=2160,apparel/fashion,yes,high,fashion keyword + category=top
hm_mens_flip_flops_5e00b50314,H&M Mens Flip Flops 02,footwear,https://image.hm.com/assets/hm/1e/38/1e38f5a77e501f7feb1e07f378a3e528a368a4f4.jpg?imwidth=2160,apparel/fashion,yes,medium,"fashion category=footwear, no garment keyword"
hm_mens_flip_flops_d94ceff338,H&M Mens Flip Flops 03,footwear,https://image.hm.com/assets/hm/74/63/74639b035f0878cbdf71e6df42857c6caf8e3969.jpg?imwidth=2160,apparel/fashion,yes,medium,"fashion category=footwear, no garment keyword"
hm_mens_flip_flops_c958dc1fb6,H&M Mens Flip Flops 05,footwear,https://image.hm.com/assets/hm/9d/c5/9dc5f522230ca1b9f7dc9adb1d62108ec6e697c4.jpg?imwidth=2160,apparel/fashion,yes,medium,"fashion category=footwear, no garment keyword"
meghna_female_accessory_pink_beanie,Pink Beanie,accessory,https://pub-43484c7ec0d741cabcac4df01e98344b.r2.dev/female-assets/accessory/pink_beanie.jpg,apparel/fashion,yes,medium,"fashion category=accessory, no garment keyword"
meghna_female_accessory_blue_beanie,Blue Beanie,accessory,https://pub-43484c7ec0d741cabcac4df01e98344b.r2.dev/female-assets/accessory/blue_beanie.jpg,apparel/fashion,yes,medium,"fashion category=accessory, no garment keyword"
meghna_female_accessory_tumbler_white,Tumbler White,accessory,https://pub-43484c7ec0d741cabcac4df01e98344b.r2.dev/female-assets/accessory/tumbler_white.jpg,apparel/fashion,yes,medium,"fashion category=accessory, no garment keyword"
meghna_female_accessory_purpleflask,Purpleflask,accessory,https://pub-43484c7ec0d741cabcac4df01e98344b.r2.dev/female-assets/accessory/purpleflask.jpg,apparel/fashion,yes,medium,"fashion category=accessory, no garment keyword"
meghna_female_accessory_purple_foldable_umberella,Purple Foldable Umberella,accessory,https://pub-43484c7ec0d741cabcac4df01e98344b.r2.dev/female-assets/accessory/purple_foldable_umberella.jpg,apparel/fashion,yes,medium,"fashion category=accessory, no garment keyword"
meghna_female_accessory_pinkflask,Pinkflask,accessory,https://pub-43484c7ec0d741cabcac4df01e98344b.r2.dev/female-assets/accessory/pinkflask.jpg,apparel/fashion,yes,medium,"fashion category=accessory, no garment keyword"
meghna_female_accessory_pink_scrunchie,Pink Scrunchie,accessory,https://pub-43484c7ec0d741cabcac4df01e98344b.r2.dev/female-assets/accessory/pink_scrunchie.jpg,apparel/fashion,yes,medium,"fashion category=accessory, no garment keyword"
meghna_female_accessory_pink_foldable_umberella,Pink Foldable Umberella,accessory,https://pub-43484c7ec0d741cabcac4df01e98344b.r2.dev/female-assets/accessory/pink_foldable_umberella.jpg,apparel/fashion,yes,medium,"fashion category=accessory, no garment keyword"
meghna_female_accessory_foldable_umberella,Foldable Umberella,accessory,https://pub-43484c7ec0d741cabcac4df01e98344b.r2.dev/female-assets/accessory/foldable_umberella.jpg,apparel/fashion,yes,medium,"fashion category=accessory, no garment keyword"
meghna_female_accessory_drinkflask,Drinkflask,accessory,https://pub-43484c7ec0d741cabcac4df01e98344b.r2.dev/female-assets/accessory/drinkflask.jpg,apparel/fashion,yes,medium,"fashion category=accessory, no garment keyword"
meghna_female_accessory_chewinggum,Chewinggum,accessory,https://pub-43484c7ec0d741cabcac4df01e98344b.r2.dev/female-assets/accessory/chewinggum.jpg,apparel/fashion,yes,medium,"fashion category=accessory, no garment keyword"
meghna_female_accessory_breathstips,Breathstips,accessory,https://pub-43484c7ec0d741cabcac4df01e98344b.r2.dev/female-assets/accessory/breathstips.jpg,apparel/fashion,yes,medium,"fashion category=accessory, no garment keyword"
meghna_female_accessory_blackdrinkflask,Blackdrinkflask,accessory,https://pub-43484c7ec0d741cabcac4df01e98344b.r2.dev/female-assets/accessory/blackdrinkflask.jpg,apparel/fashion,yes,medium,"fashion category=accessory, no garment keyword"
meghna_female_accessory_black_brush,Black Brush,accessory,https://pub-43484c7ec0d741cabcac4df01e98344b.r2.dev/female-assets/accessory/black_brush.jpg,apparel/fashion,yes,medium,"fashion category=accessory, no garment keyword"
meghna_female_accessory_backpack,Backpack,accessory,https://pub-43484c7ec0d741cabcac4df01e98344b.r2.dev/female-assets/accessory/backpack.jpg,apparel/fashion,yes,medium,"fashion category=accessory, no garment keyword"
meghna_female_accessory_airpods,Airpods,accessory,https://pub-43484c7ec0d741cabcac4df01e98344b.r2.dev/female-assets/accessory/airpods.jpg,apparel/fashion,yes,medium,"fashion category=accessory, no garment keyword"
meghna_female_accessory_puffyhairband,Puffyhairband,accessory,https://pub-43484c7ec0d741cabcac4df01e98344b.r2.dev/female-assets/accessory/puffyhairband.jpg,apparel/fashion,yes,medium,"fashion category=accessory, no garment keyword"
meghna_female_ethnic_pastel_pink_saee,Pastel Pink Saee,ethnic,https://pub-43484c7ec0d741cabcac4df01e98344b.r2.dev/female-assets/ethnic/pastel_pink_saee.jpg,apparel/fashion,yes,medium,"fashion category=ethnic, no garment keyword"
meghna_female_ethnic_light_blue_tissue_saee,Light Blue Tissue Saee,ethnic,https://pub-43484c7ec0d741cabcac4df01e98344b.r2.dev/female-assets/ethnic/light_blue_tissue_saee.jpg,apparel/fashion,yes,medium,"fashion category=ethnic, no garment keyword"
meghna_female_ethnic_dark_green_saee,Dark Green Saee,ethnic,https://pub-43484c7ec0d741cabcac4df01e98344b.r2.dev/female-assets/ethnic/dark_green_saee.jpg,apparel/fashion,yes,medium,"fashion category=ethnic, no garment keyword"
meghna_female_accessory_black_and_white_rings,Black And White Rings,accessory,https://pub-43484c7ec0d741cabcac4df01e98344b.r2.dev/female-assets/accessory/black_and_white_rings.jpg,apparel/fashion,yes,medium,"fashion category=accessory, no garment keyword"
meghna_female_accessory_cream_hat,Cream Hat,accessory,https://pub-43484c7ec0d741cabcac4df01e98344b.r2.dev/female-assets/accessory/cream_hat.jpg,apparel/fashion,yes,medium,"fashion category=accessory, no garment keyword"
meghna_female_accessory_burgundy_straw_hat,Burgundy Straw Hat,accessory,https://pub-43484c7ec0d741cabcac4df01e98344b.r2.dev/female-assets/accessory/burgundy_straw_hat.jpg,apparel/fashion,yes,medium,"fashion category=accessory, no garment keyword"
meghna_female_accessory_brown_cap,Brown Cap,accessory,https://pub-43484c7ec0d741cabcac4df01e98344b.r2.dev/female-assets/accessory/brown_cap.jpg,apparel/fashion,yes,medium,"fashion category=accessory, no garment keyword"
meghna_female_accessory_travel_containers,Travel Containers,accessory,https://pub-43484c7ec0d741cabcac4df01e98344b.r2.dev/female-assets/accessory/travel_containers.jpg,apparel/fashion,yes,medium,"fashion category=accessory, no garment keyword"
meghna_female_accessory_purple_packing_cubes,Purple Packing Cubes,accessory,https://pub-43484c7ec0d741cabcac4df01e98344b.r2.dev/female-assets/accessory/purple_packing_cubes.jpg,apparel/fashion,yes,medium,"fashion category=accessory, no garment keyword"
meghna_female_accessory_pink_travel_carry_on,Pink Travel Carry On,accessory,https://pub-43484c7ec0d741cabcac4df01e98344b.r2.dev/female-assets/accessory/pink_travel_carry_on.jpg,apparel/fashion,yes,medium,"fashion category=accessory, no garment keyword"
meghna_female_accessory_pink_packing_cubes,Pink Packing Cubes,accessory,https://pub-43484c7ec0d741cabcac4df01e98344b.r2.dev/female-assets/accessory/pink_packing_cubes.jpg,apparel/fashion,yes,medium,"fashion category=accessory, no garment keyword"
meghna_female_accessory_hair_straightener,Hair Straightener,accessory,https://pub-43484c7ec0d741cabcac4df01e98344b.r2.dev/female-assets/accessory/hair_straightener.jpg,apparel/fashion,yes,medium,"fashion category=accessory, no garment keyword"
meghna_female_accessory_hair_dryer,Hair Dryer,accessory,https://pub-43484c7ec0d741cabcac4df01e98344b.r2.dev/female-assets/accessory/hair_dryer.jpg,apparel/fashion,yes,medium,"fashion category=accessory, no garment keyword"
meghna_female_accessory_black_tic_tac_clips,Black Tic Tac Clips,accessory,https://pub-43484c7ec0d741cabcac4df01e98344b.r2.dev/female-assets/accessory/black_tic_tac_clips.jpg,apparel/fashion,yes,medium,"fashion category=accessory, no garment keyword"
meghna_female_accessory_black_scrunchie,Black Scrunchie,accessory,https://pub-43484c7ec0d741cabcac4df01e98344b.r2.dev/female-assets/accessory/black_scrunchie.jpg,apparel/fashion,yes,medium,"fashion category=accessory, no garment keyword"
meghna_female_accessory_black_clip,Black Clip,accessory,https://pub-43484c7ec0d741cabcac4df01e98344b.r2.dev/female-assets/accessory/black_clip.jpg,apparel/fashion,yes,medium,"fashion category=accessory, no garment keyword"
meghna_female_accessory_black_bobbie_pins,Black Bobbie Pins,accessory,https://pub-43484c7ec0d741cabcac4df01e98344b.r2.dev/female-assets/accessory/black_bobbie_pins.jpg,apparel/fashion,yes,medium,"fashion category=accessory, no garment keyword"
meghna_female_footwear_whiteflipflop,Whiteflipflop,footwear,https://pub-43484c7ec0d741cabcac4df01e98344b.r2.dev/female-assets/footwear/whiteflipflop.jpg,apparel/fashion,yes,medium,"fashion category=footwear, no garment keyword"
meghna_female_footwear_brownbirkinstock,Brownbirkinstock,footwear,https://pub-43484c7ec0d741cabcac4df01e98344b.r2.dev/female-assets/footwear/brownbirkinstock.jpg,apparel/fashion,yes,medium,"fashion category=footwear, no garment keyword"
meghna_female_footwear_blacknikerunningshoe,Blacknikerunningshoe,footwear,https://pub-43484c7ec0d741cabcac4df01e98344b.r2.dev/female-assets/footwear/blacknikerunningshoe.jpg,apparel/fashion,yes,medium,"fashion category=footwear, no garment keyword"
meghna_female_footwear_black_flip_flops,Black Flip Flops,footwear,https://pub-43484c7ec0d741cabcac4df01e98344b.r2.dev/female-assets/footwear/black_flip_flops.jpg,apparel/fashion,yes,medium,"fashion category=footwear, no garment keyword"
meghna_female_accessory_orange_and_pink_woven_beach_tot,Orange And Pink Woven Beach Tot,accessory,https://pub-43484c7ec0d741cabcac4df01e98344b.r2.dev/female-assets/accessory/orange_and_pink_woven_beach_tot.jpg,apparel/fashion,yes,medium,"fashion category=accessory, no garment keyword"
meghna_female_footwear_leopard_flipflops,Leopard Flipflops,footwear,https://pub-43484c7ec0d741cabcac4df01e98344b.r2.dev/female-assets/footwear/leopard_flipflops.jpg,apparel/fashion,yes,medium,"fashion category=footwear, no garment keyword"
meghna_female_accessory_blue_card_case,Blue Card Case,accessory,https://pub-43484c7ec0d741cabcac4df01e98344b.r2.dev/female-assets/accessory/blue_card_case.jpg,apparel/fashion,yes,medium,"fashion category=accessory, no garment keyword"
meghna_female_accessory_black_card_case,Black Card Case,accessory,https://pub-43484c7ec0d741cabcac4df01e98344b.r2.dev/female-assets/accessory/black_card_case.jpg,apparel/fashion,yes,medium,"fashion category=accessory, no garment keyword"
mens_assets_indian_ocassion_set_marronbandhgala,Mens Marronbandhgala,ethnic,https://pub-43484c7ec0d741cabcac4df01e98344b.r2.dev/mens-assets/indian_ocassion_set/marronbandhgala.jpg,apparel/fashion,yes,medium,"fashion category=ethnic, no garment keyword"
mens_assets_outerwear_blackbeanie,Mens Blackbeanie,accessory,https://pub-43484c7ec0d741cabcac4df01e98344b.r2.dev/mens-assets/outerwear/blackbeanie.jpg,apparel/fashion,yes,medium,"fashion category=accessory, no garment keyword"
mens_assets_outerwear_whitebeanie,Mens Whitebeanie,accessory,https://pub-43484c7ec0d741cabcac4df01e98344b.r2.dev/mens-assets/outerwear/whitebeanie.jpg,apparel/fashion,yes,medium,"fashion category=accessory, no garment keyword"
mens_assets_outerwear_whitehoodie,Mens Whitehoodie,outerwear,https://pub-43484c7ec0d741cabcac4df01e98344b.r2.dev/mens-assets/outerwear/whitehoodie.jpg,apparel/fashion,yes,medium,"fashion category=outerwear, no garment keyword"
mens_assets_outerwear_leatherglovesbrown,Mens Leatherglovesbrown,outerwear,https://pub-43484c7ec0d741cabcac4df01e98344b.r2.dev/mens-assets/outerwear/leatherglovesbrown.jpg,apparel/fashion,yes,medium,"fashion category=outerwear, no garment keyword"
mens_assets_outerwear_greenhoodie,Mens Greenhoodie,outerwear,https://pub-43484c7ec0d741cabcac4df01e98344b.r2.dev/mens-assets/outerwear/greenhoodie.jpg,apparel/fashion,yes,medium,"fashion category=outerwear, no garment keyword"
mens_assets_outerwear_blackhoodie,Mens Blackhoodie,outerwear,https://pub-43484c7ec0d741cabcac4df01e98344b.r2.dev/mens-assets/outerwear/blackhoodie.jpg,apparel/fashion,yes,medium,"fashion category=outerwear, no garment keyword"
mens_assets_outerwear_blackgloves,Mens Blackgloves,outerwear,https://pub-43484c7ec0d741cabcac4df01e98344b.r2.dev/mens-assets/outerwear/blackgloves.jpg,apparel/fashion,yes,medium,"fashion category=outerwear, no garment keyword"
mens_assets_other_accessories_whitecap,Mens Whitecap,accessory,https://pub-43484c7ec0d741cabcac4df01e98344b.r2.dev/mens-assets/other_accessories/whitecap.jpg,apparel/fashion,yes,medium,"fashion category=accessory, no garment keyword"
mens_assets_other_accessories_redcap,Mens Redcap,accessory,https://pub-43484c7ec0d741cabcac4df01e98344b.r2.dev/mens-assets/other_accessories/redcap.jpg,apparel/fashion,yes,medium,"fashion category=accessory, no garment keyword"
mens_assets_other_accessories_greencap,Mens Greencap,accessory,https://pub-43484c7ec0d741cabcac4df01e98344b.r2.dev/mens-assets/other_accessories/greencap.jpg,apparel/fashion,yes,medium,"fashion category=accessory, no garment keyword"
mens_assets_other_accessories_creamcap,Mens Creamcap,accessory,https://pub-43484c7ec0d741cabcac4df01e98344b.r2.dev/mens-assets/other_accessories/creamcap.jpg,apparel/fashion,yes,medium,"fashion category=accessory, no garment keyword"
mens_assets_other_accessories_blueca,Mens Blueca,accessory,https://pub-43484c7ec0d741cabcac4df01e98344b.r2.dev/mens-assets/other_accessories/blueca.jpg,apparel/fashion,yes,medium,"fashion category=accessory, no garment keyword"
mens_assets_other_accessories_blackcap,Mens Blackcap,accessory,https://pub-43484c7ec0d741cabcac4df01e98344b.r2.dev/mens-assets/other_accessories/blackcap.jpg,apparel/fashion,yes,medium,"fashion category=accessory, no garment keyword"
mens_assets_other_accessories_blackaviators,Mens Blackaviators,accessory,https://pub-43484c7ec0d741cabcac4df01e98344b.r2.dev/mens-assets/other_accessories/blackaviators.jpg,apparel/fashion,yes,medium,"fashion category=accessory, no garment keyword"
mens_assets_indian_ocassion_set_greybandhgalaset,Mens Greybandhgalaset,ethnic,https://pub-43484c7ec0d741cabcac4df01e98344b.r2.dev/mens-assets/indian_ocassion_set/greybandhgalaset.jpg,apparel/fashion,yes,medium,"fashion category=ethnic, no garment keyword"
mens_assets_indian_ocassion_set_greensherwani,Mens Greensherwani,ethnic,https://pub-43484c7ec0d741cabcac4df01e98344b.r2.dev/mens-assets/indian_ocassion_set/greensherwani.jpg,apparel/fashion,yes,medium,"fashion category=ethnic, no garment keyword"
mens_assets_indian_ocassion_set_creamsherwani,Mens Creamsherwani,ethnic,https://pub-43484c7ec0d741cabcac4df01e98344b.r2.dev/mens-assets/indian_ocassion_set/creamsherwani.jpg,apparel/fashion,yes,medium,"fashion category=ethnic, no garment keyword"
mens_assets_indian_ocassion_set_blueformalsuit,Mens Blueformalsuit,ethnic,https://pub-43484c7ec0d741cabcac4df01e98344b.r2.dev/mens-assets/indian_ocassion_set/blueformalsuit.jpg,apparel/fashion,yes,medium,"fashion category=ethnic, no garment keyword"
mens_assets_indian_ocassion_set_blackformalsuit,Mens Blackformalsuit,ethnic,https://pub-43484c7ec0d741cabcac4df01e98344b.r2.dev/mens-assets/indian_ocassion_set/blackformalsuit.jpg,apparel/fashion,yes,medium,"fashion category=ethnic, no garment keyword"
mens_assets_indian_ocassion_set_bandhgalaset,Mens Bandhgalaset,ethnic,https://pub-43484c7ec0d741cabcac4df01e98344b.r2.dev/mens-assets/indian_ocassion_set/bandhgalaset.jpg,apparel/fashion,yes,medium,"fashion category=ethnic, no garment keyword"
mens_assets_footwear_whiteslides,Mens Whiteslides,footwear,https://pub-43484c7ec0d741cabcac4df01e98344b.r2.dev/mens-assets/footwear/whiteslides.jpg,apparel/fashion,yes,medium,"fashion category=footwear, no garment keyword"
mens_assets_footwear_suedeblueshoe,Mens Suedeblueshoe,footwear,https://pub-43484c7ec0d741cabcac4df01e98344b.r2.dev/mens-assets/footwear/suedeblueshoe.jpg,apparel/fashion,yes,medium,"fashion category=footwear, no garment keyword"
mens_assets_footwear_nikeblackrunnigshoes,Mens Nikeblackrunnigshoes,footwear,https://pub-43484c7ec0d741cabcac4df01e98344b.r2.dev/mens-assets/footwear/nikeblackrunnigshoes.jpg,apparel/fashion,yes,medium,"fashion category=footwear, no garment keyword"
mens_assets_footwear_lightbrownformalshoe,Mens Lightbrownformalshoe,footwear,https://pub-43484c7ec0d741cabcac4df01e98344b.r2.dev/mens-assets/footwear/lightbrownformalshoe.jpg,apparel/fashion,yes,medium,"fashion category=footwear, no garment keyword"
mens_assets_footwear_brownformalshoe,Mens Brownformalshoe,footwear,https://pub-43484c7ec0d741cabcac4df01e98344b.r2.dev/mens-assets/footwear/brownformalshoe.jpg,apparel/fashion,yes,medium,"fashion category=footwear, no garment keyword"
mens_assets_footwear_brownflipflop,Mens Brownflipflop,footwear,https://pub-43484c7ec0d741cabcac4df01e98344b.r2.dev/mens-assets/footwear/brownflipflop.jpg,apparel/fashion,yes,medium,"fashion category=footwear, no garment keyword"
mens_assets_footwear_bluebirkinstock,Mens Bluebirkinstock,footwear,https://pub-43484c7ec0d741cabcac4df01e98344b.r2.dev/mens-assets/footwear/bluebirkinstock.jpg,apparel/fashion,yes,medium,"fashion category=footwear, no garment keyword"
mens_assets_footwear_blackslides,Mens Blackslides,footwear,https://pub-43484c7ec0d741cabcac4df01e98344b.r2.dev/mens-assets/footwear/blackslides.jpg,apparel/fashion,yes,medium,"fashion category=footwear, no garment keyword"
mens_assets_footwear_blackformalshoe,Mens Blackformalshoe,footwear,https://pub-43484c7ec0d741cabcac4df01e98344b.r2.dev/mens-assets/footwear/blackformalshoe.jpg,apparel/fashion,yes,medium,"fashion category=footwear, no garment keyword"
mens_assets_bottoms_greenchino,Mens Greenchino,bottom,https://pub-43484c7ec0d741cabcac4df01e98344b.r2.dev/mens-assets/bottoms/greenchino.jpg,apparel/fashion,yes,medium,"fashion category=bottom, no garment keyword"
mens_assets_bottoms_blackjoggers,Mens Blackjoggers,bottom,https://pub-43484c7ec0d741cabcac4df01e98344b.r2.dev/mens-assets/bottoms/blackjoggers.jpg,apparel/fashion,yes,medium,"fashion category=bottom, no garment keyword"
mens_assets_bottoms_beigechinos,Mens Beigechinos,bottom,https://pub-43484c7ec0d741cabcac4df01e98344b.r2.dev/mens-assets/bottoms/beigechinos.jpg,apparel/fashion,yes,medium,"fashion category=bottom, no garment keyword"
mens_assets_bags_cardcase,Mens Cardcase,accessory,https://pub-43484c7ec0d741cabcac4df01e98344b.r2.dev/mens-assets/bags/cardcase.jpg,apparel/fashion,yes,medium,"fashion category=accessory, no garment keyword"
mens_assets_bags_blackbackpack,Mens Blackbackpack,accessory,https://pub-43484c7ec0d741cabcac4df01e98344b.r2.dev/mens-assets/bags/blackbackpack.jpg,apparel/fashion,yes,medium,"fashion category=accessory, no garment keyword"
hm_mens_hat_df7b713548,H&M Mens Hat 07,accessory,https://image.hm.com/assets/hm/8f/d9/8fd9f20860b7199d0c17004ec2184ade638249f5.jpg?imwidth=2160,apparel/fashion,yes,medium,"fashion category=accessory, no garment keyword"
hm_mens_hat_d0505d1ab2,H&M Mens Hat 06,accessory,https://image.hm.com/assets/hm/83/49/834999ce0955c73a4896a9519395b9053cc7ad09.jpg?imwidth=2160,apparel/fashion,yes,medium,"fashion category=accessory, no garment keyword"
hm_mens_hat_5982bab127,H&M Mens Hat 05,accessory,https://image.hm.com/assets/hm/29/d0/29d0c0b46f36a398a4a178eeb47ddda2121f85ac.jpg?imwidth=2160,apparel/fashion,yes,medium,"fashion category=accessory, no garment keyword"
hm_mens_hat_9507cf79d0,H&M Mens Hat 04,accessory,https://image.hm.com/assets/hm/45/dc/45dc4eed56ea4a7e277c858b3d68ba47d60533ff.jpg?imwidth=2160,apparel/fashion,yes,medium,"fashion category=accessory, no garment keyword"
hm_mens_hat_1a837158d1,H&M Mens Hat 03,accessory,https://image.hm.com/assets/hm/96/8a/968af082f2cbf8d18c18ea6d9e2408945871b65d.jpg?imwidth=2160,apparel/fashion,yes,medium,"fashion category=accessory, no garment keyword"
hm_mens_hat_af19a5a88f,H&M Mens Hat 02,accessory,https://image.hm.com/assets/hm/44/7c/447c27233a6aed48c35a9ab38f7f06dbaa87f08f.jpg?imwidth=2160,apparel/fashion,yes,medium,"fashion category=accessory, no garment keyword"
hm_mens_hat_3829ce1c21,H&M Mens Hat 01,accessory,https://image.hm.com/assets/hm/3f/f4/3ff462022987248ae3969aa010db8d495fd5711e.jpg?imwidth=2160,apparel/fashion,yes,medium,"fashion category=accessory, no garment keyword"
hm_mens_ring_867529207a,H&M Mens Ring 07,accessory,https://image.hm.com/assets/hm/1b/22/1b22ea56abe7c8d2f523905e9561752b1af71484.jpg?imwidth=2160,apparel/fashion,yes,medium,"fashion category=accessory, no garment keyword"
hm_mens_ring_de5d518cec,H&M Mens Ring 06,accessory,https://image.hm.com/assets/hm/7b/4c/7b4cb7780c552e4d63a172ba1947ed8c590609ad.jpg?imwidth=2160,apparel/fashion,yes,medium,"fashion category=accessory, no garment keyword"
hm_mens_ring_9e5600452d,H&M Mens Ring 05,accessory,https://image.hm.com/assets/hm/0b/b0/0bb02f8b301862260934c36be6acc53442ed99bd.jpg?imwidth=2160,apparel/fashion,yes,medium,"fashion category=accessory, no garment keyword"
hm_mens_ring_3ad5f5775f,H&M Mens Ring 04,accessory,https://image.hm.com/assets/hm/76/3d/763d6df17cb864e29a3ab372844ee3e424bdda9b.jpg?imwidth=2160,apparel/fashion,yes,medium,"fashion category=accessory, no garment keyword"
hm_mens_ring_6c9357137b,H&M Mens Ring 03,accessory,https://image.hm.com/assets/hm/af/38/af3813c4f7dd0960bef422b9a230fd9819be3f64.jpg?imwidth=2160,apparel/fashion,yes,medium,"fashion category=accessory, no garment keyword"
hm_mens_ring_6d11b170c4,H&M Mens Ring 02,accessory,https://image.hm.com/assets/hm/fd/fb/fdfbff99f3f942d57c0dbe69badb19b85767626c.jpg?imwidth=2160,apparel/fashion,yes,medium,"fashion category=accessory, no garment keyword"
hm_mens_ring_0f094fcd9f,H&M Mens Ring 01,accessory,https://image.hm.com/assets/hm/6a/f9/6af94088666208cf640f3089d701eba6a2207d03.jpg?imwidth=2160,apparel/fashion,yes,medium,"fashion category=accessory, no garment keyword"
hm_mens_flip_flops_cf7d0d819c,H&M Mens Flip Flops 04,footwear,https://image.hm.com/assets/hm/80/8a/808aa25edf7ce175e11d7a44fddad10c7e0ba38a.jpg?imwidth=2160,apparel/fashion,yes,medium,"fashion category=footwear, no garment keyword"
hm_mens_flip_flops_8b1a8cb27e,H&M Mens Flip Flops 01,footwear,https://image.hm.com/assets/hm/cc/b6/ccb6b41efb02b25d8da092351ccb600f4130dd4b.jpg?imwidth=2160,apparel/fashion,yes,medium,"fashion category=footwear, no garment keyword"
